No,area,dealer,modelyear,grade,run,displ,AT,audio,navi,color,damage,precord,price,fix
1,osaka,0,2001,T,79046,1400,1,1,0,silver,1,0,95,5
2,kobe,0,2001,GX,2556,1600,1,1,0,silver,0,0,146,1
3,kobe,1,2006,G,14172,1400,1,1,1,white,3,0,130,4
4,kyoto,1,2008,S,4971,1400,1,1,0,blue,0,0,135,2
5,kobe,1,2006,S,44282,1600,1,1,1,white,0,0,125,2
6,kobe,0,2004,GX,52673,1600,1,0,0,white,3,0,117,4
7,kyoto,0,2002,T,78164,1600,1,1,0,white,0,0,101,6
8,osaka,0,2006,T,17071,1400,1,0,0,brack,1,1,122,1
9,kyoto,0,2006,S,76189,1400,1,0,1,brack,4,0,110,2
10,kyoto,1,2007,G,1215,1800,1,1,0,silver,0,0,164,0
11,kobe,1,2005,S,38829,1400,1,0,0,silver,0,0,128,3
12,kobe,1,2002,T,40628,1800,1,1,0,silver,0,0,106,2
13,kobe,1,2003,T,66951,1400,1,1,0,brack,0,0,112,4
14,kobe,1,2001,GX,31486,1600,1,1,1,silver,0,0,142,0
15,kyoto,1,2006,G,13193,1600,1,1,1,white,0,0,152,0
16,kyoto,1,2000,GX,61334,1600,1,1,1,blue,0,0,125,2
17,kyoto,1,2001,T,74722,1400,1,1,0,white,5,0,73,1
18,kobe,1,2004,GX,39813,1400,1,1,0,brack,0,1,112,2
19,kyoto,0,2001,GX,38836,1800,1,1,1,white,0,0,136,2
20,osaka,0,2004,G,26658,1800,1,1,1,silver,1,0,142,1
21,kyoto,1,2003,T,50429,1800,1,0,1,white,0,0,147,5
22,kobe,0,2002,GX,31361,1800,1,1,0,white,2,0,103,2
23,kyoto,0,2006,T,79606,1400,1,1,0,brack,0,0,128,1
24,kobe,1,2006,S,11577,1800,1,1,0,white,0,0,131,8
25,kyoto,0,2001,T,14726,1400,1,1,1,silver,0,0,125,2
26,kobe,1,2004,T,27685,1800,1,1,1,brack,5,0,85,2
27,kyoto,0,2001,T,3386,1600,1,1,0,white,0,0,135,1
28,osaka,0,2002,T,64356,1600,1,1,1,silver,0,0,120,7
29,kyoto,0,2008,GX,972,1600,0,0,1,brack,0,0,148,3
30,kyoto,1,2007,GX,54501,1800,1,1,1,silver,0,0,142,2
31,kyoto,1,2005,T,38321,1800,1,0,1,silver,0,0,132,3
32,kyoto,0,2004,GX,55834,1600,1,0,1,blue,0,0,112,6
33,kobe,0,2000,G,625,1400,1,1,0,brack,4,0,105,1
34,kyoto,1,2006,G,14260,1800,1,1,0,white,0,0,132,2
35,kyoto,1,2004,G,12109,1600,1,0,0,silver,0,0,109,1
36,osaka,0,2001,G,23625,1400,0,1,0,silver,2,0,92,0
37,osaka,1,2006,T,14087,1800,1,0,1,blue,1,0,121,2
38,osaka,0,2004,S,75988,1800,1,1,1,white,2,0,110,3
39,kobe,1,2005,G,63065,1800,1,0,0,white,1,0,144,6
40,kyoto,0,2002,G,23544,1600,1,1,0,silver,0,1,124,1
41,kobe,1,2001,S,77734,1400,1,1,0,white,0,0,93,2
42,kyoto,1,2001,T,45583,1800,0,1,1,white,1,0,139,1
43,kobe,1,2006,T,24323,1600,1,1,0,silver,1,0,123,1
44,kyoto,0,2002,S,10982,1400,1,1,1,blue,0,0,119,3
45,osaka,0,2001,GX,38038,1800,1,0,1,white,1,0,134,3
46,kyoto,0,2000,G,65954,1400,1,1,0,silver,0,0,95,3
47,kyoto,0,2006,S,28653,1800,0,1,1,white,2,0,111,1
48,kobe,0,2005,S,723,1600,1,1,0,silver,0,1,154,2
49,kobe,1,2002,GX,30394,1600,1,0,1,white,0,0,138,1
50,kobe,0,2004,G,59369,1400,1,1,0,silver,2,0,94,2
51,kobe,0,2007,GX,36622,1600,1,1,1,blue,0,0,142,2
52,kobe,1,2000,G,27941,1800,1,1,0,silver,1,0,104,2
53,osaka,0,2005,T,17971,1800,1,1,1,silver,0,0,146,0
54,kobe,1,2001,T,1894,1400,1,1,0,white,1,0,124,2
55,kyoto,0,2003,GX,4765,1600,1,1,1,brack,0,1,120,1
56,osaka,1,2008,G,7225,1800,1,1,0,white,0,0,148,3
57,kobe,0,2005,G,10767,1600,0,1,1,brack,0,0,135,1
58,kobe,0,2007,T,48910,1400,1,1,0,white,0,0,134,4
59,kobe,0,2000,S,67004,1400,1,0,0,silver,5,0,68,2
60,osaka,1,2007,G,31507,1800,1,0,0,brack,1,0,143,1
61,osaka,0,2002,GX,23381,1800,1,0,0,blue,1,0,92,1
62,osaka,1,2006,S,709,1600,1,0,0,silver,3,0,128,1
63,kyoto,0,2008,S,4919,1600,1,1,0,white,1,0,132,2
64,kyoto,1,2007,GX,70638,1800,1,0,0,brack,2,0,126,3
65,osaka,0,2007,GX,65202,1800,1,1,1,brack,0,0,170,2
66,kobe,1,2005,T,27596,1800,1,1,0,blue,0,0,126,3
67,osaka,0,2007,S,32712,1600,0,1,1,blue,1,0,141,3
68,kobe,1,2005,GX,37856,1400,1,0,0,white,1,0,109,2
69,kobe,1,2005,S,49884,1600,1,0,0,brack,0,0,134,2
70,osaka,1,2001,S,71468,1800,1,0,1,blue,1,0,97,7
71,osaka,0,2001,GX,66325,1400,1,1,1,brack,0,0,127,4
72,kobe,1,2004,G,78498,1600,1,0,0,red,0,0,129,5
73,kyoto,0,2006,G,10057,1400,1,1,0,silver,0,0,144,2
74,kobe,0,2004,T,79185,1800,1,1,1,white,2,0,100,3
75,osaka,0,2008,G,71536,1400,1,1,0,white,1,0,117,5
76,osaka,0,2001,G,23697,1400,1,1,0,silver,1,0,108,0
77,kyoto,1,2003,S,64171,1400,1,1,1,brack,1,0,119,5
78,osaka,1,2002,S,67105,1800,1,0,0,brack,1,0,120,2
79,kobe,0,2001,S,17397,1600,1,0,0,blue,0,0,88,2
80,osaka,1,2002,G,67511,1800,1,1,0,brack,0,0,112,3
81,osaka,1,2005,S,3790,1800,1,1,1,white,0,0,150,3
82,osaka,1,2003,G,54601,1600,1,0,1,white,0,0,131,3
83,osaka,0,2003,GX,30549,1800,1,1,1,white,1,0,127,3
84,kobe,0,2008,GX,58265,1800,1,1,1,brack,0,0,160,0
85,osaka,1,2003,T,31262,1800,1,1,0,white,2,0,117,4
86,kyoto,1,2006,G,69577,1800,1,1,0,white,0,0,138,3
87,kyoto,0,2000,G,28427,1800,1,1,0,brack,1,0,116,1
88,osaka,0,2000,S,78650,1800,1,0,1,white,0,0,97,3
89,kyoto,0,2006,T,45319,1400,1,1,0,brack,0,1,104,4
90,kobe,1,2005,S,36596,1800,1,1,0,white,0,0,127,1
91,kyoto,1,2004,GX,66739,1800,1,1,0,silver,1,0,141,7
92,osaka,1,2000,T,1680,1600,1,0,0,white,0,0,133,0
93,osaka,1,2002,T,36937,1600,1,1,1,silver,0,0,156,0
94,kyoto,1,2007,GX,10021,1600,1,0,0,white,0,0,138,1
95,osaka,1,2004,T,73484,1600,1,1,0,silver,0,0,123,5
96,kyoto,0,2005,G,61359,1800,1,1,0,white,3,0,103,4
97,osaka,0,2004,T,58096,1400,1,1,1,white,5,0,91,0
98,osaka,0,2001,G,47428,1800,1,0,1,brack,4,0,116,3
99,osaka,1,2007,S,54065,1800,1,1,0,silver,4,0,105,5
100,kobe,0,2003,G,24915,1800,1,0,1,white,0,0,142,1
101,kobe,1,2007,G,38330,1800,1,1,1,brack,0,0,145,0
102,osaka,1,2000,T,48907,1600,0,1,0,white,1,0,94,2
103,osaka,0,2007,GX,65294,1800,1,1,0,white,0,0,124,2
104,kobe,1,2004,G,40954,1600,1,1,1,silver,1,0,127,4
105,kobe,0,2007,GX,2705,1800,1,1,0,blue,1,1,146,1
106,kyoto,0,2003,G,24716,1400,1,0,0,brack,1,0,118,1
107,kyoto,0,2006,S,38367,1400,1,1,1,white,2,0,122,3
108,kyoto,0,2008,G,7013,1600,1,1,0,white,1,0,138,3
109,kobe,0,2005,S,49910,1600,1,1,1,white,1,0,129,1
110,kobe,1,2005,G,8397,1600,1,1,1,silver,5,0,118,0
111,kyoto,1,2007,T,18296,1800,1,1,0,silver,1,0,144,2
112,kyoto,0,2002,T,75253,1600,1,1,0,white,2,0,88,2
113,kyoto,0,2003,T,52358,1800,1,1,1,blue,0,0,120,3
114,kyoto,0,2004,GX,22850,1600,1,1,0,silver,0,0,138,1
115,kobe,0,2003,T,55272,1600,1,1,0,silver,0,1,80,3
116,osaka,1,2007,S,75109,1800,1,1,0,brack,1,0,140,2
117,kyoto,1,2005,GX,49601,1800,1,1,1,blue,0,0,123,2
118,kyoto,0,2001,S,29839,1400,1,0,0,brack,0,0,85,3
119,kobe,0,2008,T,56668,1800,1,1,0,red,1,0,141,4
120,kyoto,0,2002,GX,920,1800,1,0,0,brack,0,1,131,0
121,kyoto,1,2006,GX,30912,1800,1,1,0,brack,3,0,134,3
122,kobe,0,2005,GX,58388,1400,1,0,0,white,0,0,114,4
123,kobe,1,2004,S,56800,1800,1,1,0,brack,0,0,124,3
124,kobe,1,2002,S,19616,1400,1,1,0,white,1,1,78,2
125,kyoto,0,2004,S,10943,1800,1,1,0,silver,1,0,131,0
126,osaka,0,2006,GX,22704,1600,1,1,1,silver,0,0,140,2
127,osaka,1,2004,T,55772,1800,0,1,1,red,0,1,124,2
128,kobe,0,2004,G,26789,1400,1,1,1,brack,4,0,138,2
129,osaka,1,2008,S,24516,1800,0,1,0,white,5,0,104,4
130,kobe,1,2001,GX,36280,1400,1,0,0,brack,0,0,94,1
131,osaka,1,2007,S,75538,1600,1,1,1,silver,4,0,114,2
132,kyoto,0,2000,T,68094,1600,1,1,0,silver,1,0,92,2
133,kyoto,0,2005,GX,71225,1800,1,1,0,white,2,0,127,4
134,osaka,0,2002,GX,71507,1600,1,0,0,brack,2,0,105,3
135,osaka,1,2008,S,51768,1600,1,1,0,brack,0,0,134,4
136,osaka,0,2005,S,45586,1600,1,1,1,red,0,0,138,2
137,kyoto,0,2003,G,77839,1600,1,0,0,white,0,0,126,6
138,kyoto,0,2007,G,6077,1400,1,1,0,white,0,0,130,2
139,kyoto,1,2000,GX,35826,1400,1,1,0,white,0,0,107,3
140,kobe,1,2002,GX,73980,1400,1,1,0,brack,0,0,125,2
141,kyoto,1,2004,GX,56197,1400,1,1,1,silver,0,0,142,4
142,osaka,0,2007,S,45969,1800,1,1,0,blue,1,0,126,0
143,kobe,1,2005,G,38729,1400,1,1,1,white,1,0,123,3
144,kyoto,0,2001,G,73168,1400,0,1,0,brack,1,0,93,2
145,osaka,1,2002,G,52141,1400,1,1,0,white,1,0,93,1
146,osaka,1,2004,S,23052,1600,1,1,1,blue,0,0,120,0
147,kobe,0,2004,GX,20989,1800,1,1,1,brack,2,0,138,3
148,kyoto,1,2006,S,31482,1600,1,1,1,silver,4,0,126,0
149,osaka,1,2000,S,48285,1800,1,0,0,white,2,0,93,1
150,kobe,1,2002,G,43355,1800,1,1,0,blue,1,0,96,1
151,kobe,1,2005,GX,12538,1800,1,1,0,silver,1,0,129,2
152,kyoto,1,2006,GX,14785,1400,1,0,0,white,1,0,119,0
153,kobe,1,2001,G,36687,1600,1,0,0,brack,1,0,110,1
154,kyoto,0,2007,G,37300,1600,1,1,0,red,0,0,140,2
155,osaka,0,2004,T,25103,1400,1,1,1,silver,1,0,124,1
156,kobe,0,2003,GX,60446,1600,1,1,0,silver,1,0,120,2
157,kobe,1,2006,T,8444,1600,1,1,0,white,0,0,129,1
158,osaka,1,2002,S,70362,1800,1,1,1,red,2,0,120,3
159,kobe,1,2003,GX,51420,1600,1,1,0,white,5,0,83,8
160,kobe,1,2004,S,59982,1600,1,1,1,red,3,0,112,6
161,osaka,0,2002,G,55354,1800,1,1,1,silver,0,0,127,1
162,kobe,1,2008,T,49373,1800,1,1,1,blue,0,0,148,0
163,kobe,1,2001,T,69779,1600,1,1,0,white,1,0,84,6
164,kyoto,0,2005,T,31957,1600,1,0,1,red,3,0,127,2
165,kobe,0,2000,S,26653,1800,1,1,0,white,0,0,104,1
166,kyoto,0,2001,T,63296,1400,1,1,1,white,0,0,109,4
167,kyoto,1,2007,G,35885,1600,1,1,0,brack,1,0,141,1
168,kobe,1,2008,GX,34180,1400,1,1,0,brack,1,1,124,5
169,osaka,1,2005,G,22917,1800,1,1,0,white,1,0,138,0
170,kobe,1,2004,GX,59158,1600,1,1,0,silver,0,0,126,3
171,kyoto,1,2004,T,61270,1600,1,0,0,blue,0,0,101,2
172,osaka,0,2004,T,47305,1400,1,1,0,silver,1,0,113,4
173,kobe,0,2005,S,39862,1600,1,1,0,silver,0,0,122,3
174,kyoto,0,2007,G,77605,1800,1,1,0,silver,1,0,132,2
175,kobe,1,2006,T,64132,1600,1,1,1,brack,0,0,139,5
176,osaka,0,2006,G,57127,1400,1,1,1,silver,1,0,124,1
177,kobe,1,2007,G,13378,1400,1,1,0,silver,0,0,134,3
178,osaka,0,2007,G,45007,1800,1,0,0,white,1,0,116,2
179,kyoto,1,2001,G,56379,1600,1,1,1,blue,2,0,114,2
180,osaka,0,2008,T,6609,1600,1,1,1,silver,0,0,172,0
181,kobe,1,2004,G,41262,1400,1,1,0,red,2,0,113,1
182,kobe,1,2003,S,25248,1600,1,0,1,white,0,0,124,0
183,kobe,1,2007,T,51805,1400,1,1,1,silver,3,0,116,2
184,osaka,0,2005,T,59801,1600,1,0,0,silver,1,0,119,5
185,kyoto,1,2002,S,61547,1400,0,1,0,blue,1,0,91,1
186,osaka,1,2005,T,64689,1800,1,1,0,brack,2,0,128,7
187,osaka,1,2006,G,71522,1600,1,1,1,silver,0,0,123,2
188,osaka,0,2005,G,23105,1800,1,1,1,blue,3,0,125,5
189,kyoto,0,2006,G,15199,1400,1,0,1,silver,0,0,153,3
190,osaka,1,2008,T,31297,1800,1,1,0,red,1,0,131,3
191,kyoto,1,2005,S,40140,1800,1,1,0,blue,1,0,103,1
192,kobe,1,2008,T,44864,1400,1,0,1,silver,0,0,144,1
193,kyoto,0,2001,T,74763,1800,0,1,0,silver,1,0,99,0
194,kyoto,1,2004,G,29205,1800,1,1,0,silver,0,0,131,1
195,kobe,0,2007,GX,30777,1600,1,1,1,white,0,0,147,2
196,kyoto,0,2008,G,69176,1800,1,1,0,brack,0,1,128,5
197,kyoto,1,2008,GX,7743,1400,1,1,0,white,0,0,126,4
198,kobe,0,2007,T,34516,1400,1,1,0,white,0,0,121,4
199,kobe,0,2004,G,74867,1800,1,1,0,brack,0,0,142,1
200,kobe,0,2003,G,67917,1600,1,1,0,white,0,0,99,4
201,kobe,1,2007,GX,41491,1600,1,1,1,white,2,0,133,5
202,kyoto,0,2001,T,58579,1400,1,1,0,white,0,0,116,1
203,kobe,1,2008,GX,71466,1400,1,1,1,blue,1,0,124,4
204,osaka,1,2000,S,43777,1600,1,1,0,brack,0,0,99,3
205,kyoto,0,2008,S,69985,1800,1,0,0,white,3,0,111,2
206,kyoto,0,2008,T,19465,1400,1,0,0,white,1,0,121,3
207,kyoto,1,2008,S,25399,1400,1,1,0,silver,1,0,118,1
208,osaka,0,2006,G,27189,1800,1,1,1,blue,0,0,136,0
209,osaka,0,2003,G,56339,1400,1,1,1,brack,3,0,113,3
210,osaka,1,2007,G,15349,1800,1,1,0,brack,0,0,140,2
211,osaka,0,2001,T,25795,1600,1,0,1,white,0,1,90,1
212,osaka,0,2000,S,69481,1600,1,1,1,silver,0,0,103,2
213,kyoto,0,2001,S,12909,1800,1,1,0,brack,1,0,125,1
214,osaka,1,2004,G,38721,1400,1,0,1,brack,0,0,132,3
215,kyoto,1,2006,T,8837,1400,1,1,0,white,2,1,104,3
216,osaka,0,2006,S,59540,1800,1,0,1,brack,0,0,122,5
217,kyoto,1,2000,S,25281,1800,1,1,0,brack,0,0,113,2
218,osaka,0,2006,GX,3986,1400,1,1,0,brack,2,0,132,2
219,kyoto,1,2001,G,3148,1400,1,1,1,brack,1,0,119,0
220,kobe,0,2004,T,10134,1600,1,1,0,blue,0,0,113,3
221,kyoto,1,2001,T,16110,1600,1,1,0,white,5,0,75,1
222,kyoto,0,2002,G,13009,1800,1,1,0,white,0,0,133,0
223,kyoto,0,2007,T,1739,1800,1,0,0,silver,1,0,128,4
224,osaka,0,2008,S,76896,1600,1,1,0,silver,0,0,114,5
225,osaka,0,2002,GX,70142,1400,1,0,0,brack,2,0,99,3
226,kobe,0,2005,G,33333,1400,1,0,0,white,5,0,100,4
227,osaka,0,2001,G,37958,1800,1,1,1,brack,0,0,130,4
228,osaka,0,2005,GX,53482,1800,1,0,0,silver,4,0,110,4
229,kyoto,1,2001,GX,66088,1800,1,1,1,white,0,0,139,4
230,kobe,0,2003,T,25759,1600,1,1,1,white,0,0,126,1
231,kobe,1,2007,GX,14903,1800,1,1,0,white,1,0,128,0
232,kyoto,1,2007,G,14543,1400,1,1,1,white,2,1,106,3
233,osaka,0,2002,T,60876,1400,1,1,0,brack,2,0,91,2
234,kyoto,1,2008,S,36195,1800,1,1,0,white,2,0,119,5
235,osaka,1,2006,GX,55595,1400,1,1,0,white,0,0,138,7
236,kyoto,0,2006,S,8005,1400,1,1,0,silver,4,0,116,1
237,kyoto,1,2000,GX,41447,1400,1,1,0,brack,2,0,117,5
238,kyoto,0,2001,T,37691,1600,1,1,0,blue,1,0,112,1
239,osaka,1,2001,GX,1283,1400,1,1,1,brack,0,0,149,1
240,kobe,1,2004,T,21661,1600,1,1,0,brack,0,0,124,1
241,kobe,0,2000,S,63422,1400,1,1,0,brack,0,0,121,2
242,kobe,1,2003,GX,8207,1800,1,0,0,white,0,0,144,3
243,kyoto,1,2008,T,47717,1600,1,1,0,white,2,0,124,0
244,kobe,1,2007,GX,78501,1400,1,0,0,silver,0,0,108,5
245,osaka,0,2007,GX,32299,1800,1,1,1,silver,1,0,128,3
246,kobe,0,2002,G,64831,1800,1,1,0,silver,5,0,86,3
247,kyoto,0,2000,G,16598,1600,1,1,1,brack,0,0,139,3
248,osaka,0,2000,S,33509,1400,0,1,1,silver,0,0,119,0
249,kobe,1,2003,GX,56349,1600,1,1,1,white,0,0,123,3
250,kobe,1,2001,G,38413,1600,1,0,0,silver,1,0,92,1
251,osaka,1,2002,G,28822,1600,1,0,0,white,1,0,116,2
252,osaka,0,2002,G,64308,1600,1,1,0,white,1,0,92,2
253,kyoto,1,2002,G,64828,1600,1,1,0,brack,0,0,123,4
254,osaka,1,2005,G,25878,1600,1,0,0,brack,2,0,115,3
255,kobe,0,2008,GX,49796,1800,1,1,0,silver,0,0,132,8
256,kyoto,1,2006,G,44676,1800,1,1,1,white,2,0,113,6
257,kobe,0,2000,S,23423,1800,1,1,1,blue,0,0,122,0
258,kyoto,0,2001,GX,31307,1800,1,1,0,brack,3,0,117,2
259,kyoto,0,2002,GX,68057,1600,1,1,0,brack,2,1,90,3
260,kobe,0,2001,S,54431,1600,1,1,0,silver,1,0,110,3
261,kyoto,1,2008,T,40482,1800,1,0,0,white,1,0,137,1
262,kobe,1,2008,GX,4493,1800,1,1,1,blue,0,0,169,2
263,kobe,0,2001,T,48348,1400,1,0,0,brack,2,0,97,0
264,osaka,1,2003,GX,42939,1600,1,1,0,blue,2,0,96,2
265,kobe,1,2004,GX,33943,1600,1,0,0,white,0,0,130,2
266,kobe,0,2008,S,72761,1800,1,0,1,white,1,0,149,0
267,osaka,1,2006,S,64905,1600,1,1,0,white,0,0,110,5
268,kyoto,1,2004,S,27573,1800,1,1,0,brack,0,0,123,2
269,kobe,1,2008,S,57942,1800,1,1,0,silver,1,0,111,9
270,osaka,1,2006,T,21447,1400,1,1,0,blue,1,0,92,0
271,kobe,0,2002,S,9925,1400,1,1,0,silver,1,0,117,1
272,osaka,1,2000,GX,321,1600,1,1,0,silver,1,0,145,2
273,kyoto,1,2007,T,64173,1800,1,0,0,brack,0,0,126,2
274,kyoto,1,2001,GX,73407,1800,1,1,0,white,0,0,119,4
275,kyoto,1,2002,GX,21160,1400,1,1,1,silver,0,0,113,2
276,kobe,1,2000,GX,8178,1600,1,0,0,silver,0,0,116,1
277,kyoto,1,2005,T,5191,1600,1,0,1,silver,1,0,130,2
278,osaka,1,2005,G,13737,1600,1,0,0,silver,0,0,127,0
279,kobe,0,2005,G,68671,1600,1,1,0,white,0,0,122,5
280,kobe,1,2004,G,6706,1400,1,0,0,white,0,0,117,4
281,kobe,0,2006,S,22453,1800,0,1,0,blue,0,0,109,0
282,kobe,0,2002,G,35943,1600,1,1,0,brack,0,1,100,1
283,osaka,0,2005,GX,29750,1400,1,1,0,white,1,0,122,3
284,osaka,1,2005,S,73804,1800,1,0,0,brack,1,1,102,4
285,osaka,0,2002,T,1105,1600,1,1,0,silver,1,0,120,2
286,kyoto,0,2001,T,74814,1400,1,1,0,white,0,0,89,4
287,kobe,1,2005,G,4684,1800,1,0,0,silver,0,0,149,1
288,kyoto,0,2004,S,24709,1600,1,1,0,white,4,0,86,5
289,kyoto,0,2004,T,53350,1800,1,1,0,white,0,0,120,2
290,osaka,1,2007,S,57118,1600,1,1,1,white,0,0,119,3
291,kobe,0,2008,S,68145,1800,1,1,0,blue,2,1,96,5
292,kobe,1,2007,S,57362,1800,1,1,1,white,0,0,142,3
293,kyoto,0,2005,T,8664,1600,1,1,0,red,3,0,146,1
294,kyoto,1,2007,G,29945,1600,1,1,1,silver,0,0,128,3
295,kyoto,1,2001,T,2611,1400,1,1,1,silver,1,0,119,1
296,kyoto,1,2006,S,52294,1400,1,1,1,brack,0,0,131,3
297,osaka,1,2001,T,31946,1600,1,0,0,silver,1,0,121,3
298,osaka,0,2008,S,22912,1400,1,0,0,silver,1,0,135,2
299,osaka,1,2005,GX,3428,1600,1,1,0,blue,4,0,107,1
300,kyoto,0,2001,GX,59656,1600,1,1,0,white,0,0,116,0
301,osaka,1,2007,G,43391,1800,1,1,1,silver,1,0,149,4
302,kyoto,1,2001,GX,45399,1600,1,1,0,brack,1,1,109,2
303,kyoto,0,2003,S,4811,1800,1,0,1,silver,0,0,144,1
304,osaka,1,2003,G,38937,1800,1,0,1,white,1,0,124,4
305,kyoto,0,2007,S,29160,1800,1,1,0,white,1,1,115,3
306,kobe,1,2005,GX,66585,1800,1,1,0,silver,0,0,136,2
307,kobe,1,2006,T,43308,1800,1,1,1,white,2,0,122,2
308,kobe,1,2005,T,23669,1600,1,0,0,white,0,0,111,4
309,osaka,0,2002,S,53877,1800,1,1,0,white,0,0,95,2
310,kobe,0,2003,GX,64603,1600,1,0,0,white,1,0,121,1
311,osaka,1,2005,T,52792,1800,1,1,1,white,0,0,140,1
312,kyoto,1,2000,GX,38017,1800,0,0,0,white,0,0,104,3
313,kobe,0,2005,GX,76986,1800,1,1,0,blue,1,0,108,6
314,kyoto,1,2001,S,35366,1800,1,1,0,white,0,0,107,3
315,osaka,1,2004,GX,30878,1600,1,0,0,red,0,0,123,5
316,kyoto,0,2003,S,45295,1400,1,1,0,silver,0,0,121,0
317,kyoto,1,2008,T,64025,1600,1,1,0,silver,0,0,138,3
318,osaka,0,2005,S,23213,1800,1,1,0,silver,1,0,114,1
319,kobe,1,2006,S,59912,1400,1,1,0,silver,1,0,108,3
320,kyoto,1,2006,T,34093,1400,1,1,0,silver,2,0,118,2
321,kobe,0,2005,GX,34619,1600,1,0,0,brack,1,0,126,2
322,osaka,1,2006,T,74767,1400,1,1,0,silver,0,0,131,6
323,kyoto,1,2000,G,56750,1600,1,0,1,white,1,0,118,0
324,kobe,0,2008,S,67983,1600,1,1,0,silver,1,0,132,1
325,osaka,0,2006,T,38909,1600,1,1,0,brack,1,0,132,3
326,kyoto,0,2007,T,3866,1400,1,1,0,silver,1,0,140,2
327,osaka,1,2008,GX,10404,1400,1,1,1,white,0,0,147,1
328,kobe,0,2001,GX,2514,1400,1,0,1,brack,2,0,123,0
329,osaka,0,2004,S,52443,1600,1,1,0,silver,1,0,122,2
330,kyoto,1,2008,GX,32135,1400,1,1,1,brack,0,0,167,1
331,kobe,0,2008,G,26031,1400,1,1,1,white,1,0,136,2
332,kyoto,1,2003,S,76534,1800,1,1,0,brack,1,0,112,2
333,osaka,1,2004,G,64751,1800,1,0,1,white,3,1,90,3
334,kobe,0,2003,S,59006,1800,1,1,1,silver,1,0,131,4
335,osaka,1,2004,S,32745,1600,1,1,0,silver,0,0,121,0
336,kobe,0,2003,G,24951,1400,1,0,0,blue,0,0,97,1
337,kobe,1,2007,GX,37469,1600,1,1,1,white,0,0,160,2
338,kobe,0,2005,GX,55366,1800,1,1,0,silver,2,0,121,5
339,osaka,0,2000,S,5693,1800,1,1,1,white,1,0,124,2
340,kyoto,0,2001,T,26987,1800,0,1,1,silver,0,0,139,0
341,kobe,1,2001,GX,21765,1800,1,1,1,silver,0,0,131,0
342,osaka,1,2004,GX,29019,1600,1,0,0,blue,2,0,114,1
343,kobe,1,2005,S,78870,1400,1,1,1,brack,1,0,137,6
344,osaka,1,2005,GX,15792,1600,1,1,0,blue,1,0,105,4
345,kyoto,1,2000,T,28162,1600,1,1,0,brack,0,0,116,2
346,kyoto,1,2007,GX,34505,1400,1,1,0,brack,1,0,129,1
347,osaka,1,2002,T,45369,1800,1,1,0,blue,1,0,108,0
348,osaka,1,2005,S,36873,1600,1,0,1,brack,3,0,114,4
349,kobe,1,2007,S,64990,1800,1,1,0,white,0,0,115,5
350,osaka,1,2002,S,65583,1800,1,1,1,silver,0,0,120,4
351,osaka,0,2003,T,48873,1800,1,1,0,red,5,0,126,0
352,kyoto,0,2002,GX,53343,1400,1,1,0,silver,0,0,107,1
353,kobe,1,2001,GX,10601,1600,1,0,0,red,4,0,98,0
354,kyoto,1,2004,T,43520,1800,1,1,0,white,3,0,102,7
355,osaka,0,2008,S,11806,1600,1,0,0,white,1,0,116,1
356,kyoto,1,2001,T,58914,1800,1,1,0,red,0,0,113,1
357,kobe,0,2003,T,1379,1800,1,0,0,brack,0,0,156,0
358,osaka,1,2000,G,35667,1800,1,0,0,brack,2,0,105,2
359,kyoto,1,2004,G,25002,1800,1,0,0,white,1,0,124,1
360,osaka,1,2004,G,52519,1800,0,1,0,white,0,0,120,3
361,osaka,0,2001,T,8512,1400,1,1,0,silver,0,0,123,1
362,osaka,0,2001,T,59216,1800,1,1,0,silver,0,0,117,2
363,kobe,0,2008,S,56812,1800,1,0,0,red,1,0,114,1
364,osaka,0,2008,G,54584,1800,1,1,0,white,3,0,109,6
365,osaka,1,2006,S,79948,1800,0,1,1,silver,1,0,119,2
366,osaka,1,2007,GX,5364,1400,1,1,1,white,1,0,134,0
367,kobe,0,2003,T,21701,1800,1,1,0,blue,1,0,112,3
368,osaka,1,2008,G,29473,1400,1,0,0,silver,2,0,134,3
369,osaka,1,2006,GX,31401,1800,1,1,1,brack,1,0,151,3
370,kyoto,0,2003,T,31562,1400,1,1,0,red,0,0,142,4
371,kobe,1,2000,S,53176,1600,1,1,1,blue,0,0,109,0
372,kyoto,1,2000,GX,38802,1400,1,1,0,white,1,0,110,3
373,osaka,1,2005,T,56832,1800,1,1,0,brack,1,1,94,4
374,kobe,1,2003,S,2269,1600,1,1,0,brack,1,0,131,1
375,kyoto,0,2002,T,29747,1400,1,1,1,brack,0,0,125,0
376,kobe,1,2006,GX,8998,1600,1,1,1,silver,0,0,146,0
377,kobe,0,2004,G,69627,1400,1,1,0,blue,0,0,94,2
378,osaka,1,2008,GX,1542,1400,1,1,0,white,0,0,144,0
379,kobe,1,2000,G,57522,1400,1,1,0,brack,0,0,92,3
380,kobe,0,2001,GX,10469,1400,0,1,1,brack,1,0,125,1
381,osaka,0,2007,GX,36472,1600,1,0,0,red,0,0,160,3
382,kyoto,0,2008,G,15569,1600,1,1,0,brack,0,0,143,2
383,kobe,1,2003,GX,47508,1400,1,1,1,blue,0,0,123,1
384,osaka,1,2005,T,54520,1600,1,1,0,silver,0,0,115,4
385,kobe,1,2006,S,2105,1800,1,1,0,brack,0,0,148,1
386,kyoto,1,2004,GX,20026,1400,1,1,0,brack,1,0,144,1
387,kyoto,0,2003,GX,79505,1600,1,1,0,silver,1,0,110,3
388,osaka,0,2006,S,58339,1600,1,1,1,silver,0,0,139,0
389,kyoto,0,2007,GX,26054,1600,1,1,0,silver,0,0,143,1
390,kobe,0,2005,T,5322,1600,1,0,0,silver,0,0,115,1
391,osaka,1,2008,T,74473,1400,1,1,0,silver,0,0,141,3
392,osaka,0,2002,T,13628,1800,1,1,0,silver,0,0,132,1
393,osaka,0,2001,GX,55009,1400,1,1,0,white,2,0,75,3
394,osaka,0,2003,S,70493,1400,1,1,0,white,0,0,103,6
395,kobe,0,2002,S,54018,1400,1,0,0,red,1,0,104,4
396,kyoto,1,2008,G,53243,1800,1,1,0,white,1,0,140,6
397,osaka,1,2005,S,34929,1800,1,1,1,silver,0,0,139,1
398,osaka,0,2003,T,14094,1400,0,1,0,white,0,0,118,0
399,kyoto,1,2000,T,71828,1800,0,1,0,brack,1,0,125,3
400,kobe,0,2008,T,43420,1600,1,1,1,blue,1,0,161,2
401,kobe,0,2002,G,14325,1800,1,1,0,blue,3,0,113,0
402,kyoto,0,2008,G,75703,1600,1,0,1,silver,1,0,143,4
403,osaka,0,2000,G,70246,1800,1,1,0,brack,5,0,84,0
404,osaka,0,2008,GX,11228,1800,1,1,0,brack,0,0,179,2
405,osaka,0,2006,G,9200,1600,1,1,0,brack,0,0,130,3
406,kobe,0,2004,GX,17329,1400,1,1,1,white,1,0,147,5
407,kobe,1,2002,GX,34911,1600,1,0,0,silver,0,0,122,2
408,kobe,1,2004,S,21857,1400,1,0,0,silver,1,0,103,1
409,osaka,1,2008,S,60488,1600,1,1,1,white,1,0,141,2
410,kobe,0,2008,T,54936,1600,1,0,0,red,1,0,136,2
411,osaka,0,2001,S,14014,1600,1,1,0,brack,1,0,118,2
412,kobe,1,2001,G,52043,1400,1,1,0,brack,2,0,90,3
413,kobe,1,2006,T,49806,1800,1,1,0,blue,1,0,121,0
414,osaka,0,2003,G,63717,1800,1,1,0,brack,1,0,117,3
415,kyoto,1,2003,GX,38198,1600,1,1,0,blue,1,0,108,7
416,kobe,0,2002,GX,34027,1800,1,1,0,silver,0,0,141,1
417,kobe,0,2007,T,52112,1800,1,1,0,brack,1,0,138,5
418,osaka,0,2002,G,3756,1400,1,1,0,white,1,0,103,3
419,kobe,1,2003,T,49998,1800,1,1,1,brack,4,0,126,2
420,kobe,0,2008,T,29762,1400,1,0,0,white,1,1,92,7
421,kobe,0,2003,G,12578,1600,1,0,1,brack,0,0,125,0
422,osaka,0,2006,G,26346,1400,1,0,0,silver,0,0,113,0
423,kyoto,1,2003,G,36704,1600,1,1,0,silver,0,0,117,1
424,kyoto,1,2001,S,13249,1400,1,1,1,blue,0,0,112,1
425,osaka,0,2002,T,7111,1600,1,1,1,silver,1,0,133,0
426,osaka,0,2008,GX,61029,1600,1,1,0,white,1,0,119,4
427,osaka,1,2001,G,73725,1800,1,0,1,white,0,0,128,5
428,kobe,1,2001,GX,2259,1800,1,1,0,silver,0,0,155,0
429,osaka,1,2000,G,74516,1400,1,1,0,white,2,0,101,3
430,osaka,1,2007,T,60833,1400,1,1,0,silver,1,0,118,8
431,osaka,0,2007,G,74164,1400,1,1,1,white,0,0,150,5
432,kobe,1,2005,GX,29990,1400,1,1,0,white,0,0,136,1
433,kobe,1,2008,T,70560,1600,1,0,1,white,0,0,114,2
434,osaka,0,2002,S,43878,1400,1,1,1,brack,4,0,112,1
435,osaka,1,2008,GX,42070,1600,1,1,1,brack,2,0,153,4
436,kyoto,0,2005,S,37886,1600,0,1,0,white,0,0,91,4
437,kyoto,1,2006,GX,75300,1800,1,1,1,red,1,0,144,6
438,osaka,1,2001,GX,26090,1600,1,0,0,silver,0,0,120,2
439,kobe,1,2002,G,59784,1400,0,1,1,brack,1,0,132,1
440,kobe,0,2000,GX,46251,1600,1,1,0,white,4,1,36,0
441,kobe,1,2006,GX,1817,1800,1,1,0,white,0,0,152,1
442,kobe,0,2004,GX,75070,1800,1,1,1,blue,0,0,131,4
443,kyoto,0,2008,GX,39110,1800,1,0,1,silver,0,1,140,3
444,osaka,0,2006,G,25335,1800,1,1,1,brack,2,0,148,0
445,osaka,1,2001,S,35954,1800,1,1,1,brack,0,0,135,1
446,osaka,0,2002,GX,23658,1600,1,0,0,brack,1,1,94,1
447,kobe,1,2008,T,52298,1600,1,1,0,brack,1,0,122,3
448,osaka,1,2000,T,32971,1400,1,1,1,brack,1,0,115,1
449,kobe,0,2004,S,77557,1800,1,1,0,blue,0,0,106,3
450,kyoto,0,2004,T,32011,1800,1,0,1,silver,0,0,131,1
451,osaka,0,2006,S,55212,1400,1,1,0,silver,0,0,111,5
452,kobe,0,2007,GX,65028,1800,1,1,0,silver,1,0,138,7
453,osaka,1,2002,GX,17607,1600,1,1,1,brack,1,0,136,1
454,osaka,1,2006,GX,62189,1400,1,1,0,brack,1,0,125,3
455,osaka,0,2000,T,72108,1600,1,0,0,blue,1,0,93,3
456,osaka,0,2001,GX,21044,1800,1,1,1,white,0,1,104,5
457,kyoto,1,2005,G,74818,1400,1,1,1,white,1,0,115,3
458,kyoto,1,2002,T,16810,1600,1,1,0,blue,0,0,99,2
459,kyoto,0,2006,GX,41410,1800,1,1,1,brack,0,0,135,3
460,kyoto,0,2007,S,29720,1400,0,1,0,blue,1,0,104,2
461,osaka,1,2005,S,3733,1800,1,1,0,red,0,0,143,0
462,osaka,0,2000,GX,9897,1800,1,0,1,silver,2,0,137,0
463,kyoto,1,2006,GX,9089,1400,1,1,0,white,1,0,136,2
464,kyoto,1,2003,GX,61242,1800,1,1,0,blue,0,0,121,2
465,osaka,1,2004,T,71128,1400,1,1,0,silver,0,0,100,2
466,kyoto,1,2001,G,29007,1600,1,1,1,brack,0,0,128,1
467,kyoto,1,2005,GX,495,1600,1,1,0,white,0,0,151,3
468,osaka,0,2006,G,47804,1400,1,1,0,white,5,1,80,5
469,kobe,0,2001,S,44528,1600,1,0,1,silver,1,0,112,1
470,kyoto,0,2004,G,55524,1600,1,0,1,white,1,0,120,2
471,kobe,1,2002,S,30319,1600,1,1,0,silver,0,0,117,3
472,osaka,1,2005,G,26766,1600,1,1,0,white,2,0,114,1
473,kobe,1,2002,S,58466,1800,1,1,0,brack,0,0,98,3
474,kobe,1,2005,T,25266,1800,1,1,0,brack,0,0,151,0
475,osaka,1,2006,G,51780,1400,1,1,0,silver,0,0,115,1
476,kyoto,1,2007,S,68865,1600,1,1,1,silver,2,0,137,6
477,kyoto,1,2004,G,58633,1800,1,1,0,silver,1,0,117,3
478,kyoto,1,2004,G,67957,1400,1,1,1,white,1,0,115,3
479,osaka,0,2006,S,18317,1600,1,1,0,brack,1,0,120,2
480,kobe,1,2008,G,73203,1400,1,1,1,brack,0,0,145,4
481,kyoto,1,2002,T,71748,1800,1,1,0,silver,0,0,94,8
482,osaka,0,2001,T,74755,1600,1,1,1,silver,0,0,120,3
483,osaka,0,2006,S,67235,1800,1,1,0,blue,2,0,100,2
484,osaka,0,2004,GX,39466,1400,1,1,0,white,0,0,127,3
485,kyoto,1,2005,GX,13908,1400,0,1,0,white,0,0,132,1
486,kyoto,1,2008,T,72642,1800,1,1,1,white,1,0,125,4
487,kobe,1,2006,T,76567,1600,1,1,0,white,1,0,123,3
488,osaka,1,2003,G,8399,1800,1,0,0,silver,1,0,128,0
489,osaka,1,2005,G,34226,1800,1,1,1,brack,4,0,137,6
490,kyoto,1,2008,S,75957,1600,1,1,1,white,1,0,119,5
491,osaka,0,2005,T,13022,1800,1,1,1,silver,5,0,116,2
492,kyoto,0,2007,GX,15290,1600,1,1,0,silver,0,0,158,1
493,osaka,0,2006,S,64741,1600,1,0,0,silver,1,0,125,2
494,kyoto,0,2004,G,12079,1400,1,1,0,silver,0,0,116,1
495,kyoto,0,2008,GX,7007,1600,1,1,0,silver,0,0,135,1
496,kobe,0,2007,GX,10860,1600,1,1,0,white,0,0,156,4
497,kobe,0,2007,S,2894,1800,1,0,0,white,0,0,139,1
498,osaka,1,2004,G,14423,1800,1,1,1,silver,1,0,156,1
499,osaka,0,2007,T,22881,1600,1,0,0,blue,0,0,120,2
500,kyoto,0,2003,G,73817,1600,1,1,0,silver,0,0,118,2
501,kyoto,0,2000,T,770,1400,1,1,0,brack,4,0,124,2
502,kyoto,1,2007,GX,49878,1600,1,1,0,brack,0,0,129,3
503,kyoto,1,2008,T,21199,1400,1,1,1,white,0,0,144,6
504,osaka,0,2006,S,44650,1800,1,1,1,silver,0,0,157,2
505,kobe,1,2003,S,19848,1400,1,1,0,brack,0,0,110,0
506,kobe,0,2008,GX,65988,1800,1,1,0,white,0,0,148,2
507,kyoto,0,2008,GX,23390,1600,1,1,1,silver,4,0,126,1
508,osaka,0,2002,S,29931,1800,1,0,0,brack,1,0,127,1
509,osaka,1,2002,S,19966,1800,1,1,0,white,1,0,113,2
510,osaka,0,2002,S,49635,1600,1,1,1,brack,0,0,116,3
511,kobe,1,2002,G,32173,1600,1,1,0,red,0,0,138,1
512,kyoto,0,2005,GX,57708,1400,1,1,0,brack,0,0,132,3
513,osaka,0,2005,GX,31173,1800,1,1,0,silver,1,0,141,2
514,kyoto,1,2007,G,69840,1600,1,1,0,white,0,0,132,2
515,kobe,0,2005,S,18638,1800,1,1,0,white,1,0,125,5
516,osaka,1,2007,G,40401,1600,1,1,0,silver,1,0,121,3
517,osaka,0,2002,GX,55590,1800,1,0,0,brack,0,0,129,2
518,kyoto,1,2004,T,21395,1400,1,0,0,brack,1,0,114,3
519,osaka,0,2008,GX,6518,1600,1,0,0,white,0,0,142,1
520,kobe,1,2000,GX,28093,1600,1,1,1,white,3,0,126,1
521,kobe,1,2005,S,28502,1400,1,0,1,white,0,0,116,1
522,kobe,0,2003,S,3656,1400,1,1,1,silver,0,0,141,0
523,kyoto,0,2004,GX,63146,1600,1,1,0,brack,0,0,122,3
524,kobe,1,2004,T,61384,1400,1,1,0,white,3,0,73,5
525,osaka,1,2006,S,66553,1600,1,0,1,blue,0,0,126,3
526,kyoto,0,2002,G,38178,1600,1,1,0,blue,0,0,106,2
527,kobe,0,2002,G,12936,1400,1,0,0,silver,0,0,121,3
528,kyoto,0,2000,S,57720,1800,1,1,0,brack,0,1,94,2
529,kobe,1,2006,G,20185,1600,1,0,0,blue,0,0,115,0
530,kobe,0,2004,G,46803,1600,1,1,0,brack,1,0,123,1
531,osaka,1,2001,T,21617,1600,1,1,0,silver,0,0,113,0
532,kobe,0,2000,GX,71745,1800,0,0,0,white,1,0,98,4
533,kobe,0,2004,T,43370,1600,1,0,0,silver,0,0,126,3
534,kobe,1,2008,S,47911,1800,1,1,0,red,1,0,135,5
535,osaka,0,2007,S,7741,1400,1,0,0,white,0,0,115,0
536,kyoto,0,2006,G,36034,1800,1,1,1,white,1,0,164,2
537,kyoto,0,2005,GX,30514,1800,1,1,1,white,1,0,131,2
538,kyoto,1,2008,GX,36320,1400,1,0,0,silver,2,0,117,2
539,osaka,0,2002,S,57013,1400,1,1,0,white,1,1,74,5
540,osaka,1,2007,GX,7400,1600,1,0,0,brack,5,0,122,4
541,osaka,1,2002,G,18930,1400,1,1,0,brack,3,0,107,3
542,kyoto,1,2007,G,13637,1400,1,1,0,silver,0,0,128,1
543,kyoto,0,2006,G,69034,1600,1,1,0,brack,1,0,125,5
544,kobe,0,2005,T,38970,1600,1,1,0,brack,0,0,129,0
545,kobe,0,2001,G,7836,1600,1,1,0,white,0,0,110,2
546,kyoto,1,2001,S,39078,1800,1,1,0,silver,4,0,74,0
547,kyoto,0,2008,S,11772,1400,1,1,0,brack,2,0,111,1
548,kobe,1,2006,T,15928,1800,1,1,1,silver,2,0,149,2
549,osaka,0,2005,G,6551,1400,1,1,0,brack,1,0,141,0
550,kyoto,0,2008,T,69818,1800,1,1,0,brack,1,0,149,5
551,osaka,1,2007,S,13067,1800,1,1,0,blue,3,0,128,4
552,osaka,0,2006,T,31344,1400,1,0,0,silver,1,0,96,5
553,osaka,0,2003,T,41827,1800,1,0,1,brack,0,0,116,2
554,kyoto,0,2000,G,79898,1400,1,1,1,brack,1,0,125,2
555,kyoto,0,2005,G,46248,1400,1,1,0,red,1,0,147,2
556,osaka,1,2005,S,36197,1600,1,0,0,white,1,0,118,3
557,kyoto,0,2007,S,28813,1600,1,1,0,silver,5,0,100,4
558,kobe,0,2003,GX,15722,1800,1,0,1,brack,0,0,137,4
559,osaka,1,2003,S,33893,1600,1,0,1,blue,3,0,101,2
560,kobe,0,2007,S,64648,1800,1,1,0,brack,0,0,118,5
561,osaka,1,2008,G,55026,1400,1,1,1,white,1,0,134,3
562,osaka,0,2005,G,33453,1600,1,0,0,silver,0,0,107,2
563,kobe,0,2002,G,19976,1800,1,1,1,brack,1,0,139,1
564,osaka,0,2000,GX,45842,1600,1,1,0,red,2,0,98,1
565,osaka,1,2007,GX,46157,1400,1,0,0,white,0,0,133,3
566,osaka,1,2004,G,6078,1800,1,1,0,silver,0,0,144,1
567,osaka,1,2006,GX,73312,1800,1,1,1,white,1,0,122,4
568,osaka,0,2000,GX,46431,1400,1,0,0,blue,0,0,80,5
569,osaka,0,2000,G,47886,1400,1,0,0,brack,1,0,96,4
570,kyoto,1,2002,GX,21598,1800,1,0,0,silver,1,0,119,1
571,osaka,1,2000,G,67258,1400,1,1,1,silver,2,0,107,2
572,kyoto,0,2000,S,53096,1400,1,0,0,silver,1,0,96,1
573,kobe,0,2007,G,32924,1800,1,0,1,brack,2,0,126,1
574,kyoto,0,2007,G,65541,1400,1,1,0,white,3,0,111,1
575,kyoto,0,2002,G,33671,1400,1,1,0,silver,0,0,111,1
576,kobe,1,2007,G,25030,1600,1,1,0,brack,2,0,129,1
577,kobe,1,2007,S,54518,1400,1,1,0,white,0,0,86,2
578,kyoto,0,2006,T,23749,1600,1,1,0,white,0,0,128,3
579,kyoto,1,2005,G,22632,1800,1,1,0,red,0,0,140,2
580,osaka,1,2007,GX,35562,1600,1,1,0,red,0,0,145,2
581,kyoto,0,2003,GX,39472,1400,1,0,0,white,0,0,102,3
582,osaka,0,2002,G,45800,1600,1,0,1,brack,0,0,131,3
583,osaka,1,2004,S,64035,1400,1,1,0,silver,0,0,119,5
584,osaka,1,2002,G,73193,1800,1,1,0,white,0,1,112,7
585,osaka,0,2005,G,21501,1400,1,0,0,silver,0,0,131,1
586,kobe,1,2004,GX,41675,1400,1,1,1,brack,1,0,126,3
587,kyoto,0,2000,T,70520,1800,1,1,1,brack,1,0,109,3
588,kobe,1,2008,G,19642,1600,1,0,0,blue,0,0,120,4
589,osaka,1,2006,G,70649,1600,1,1,0,blue,1,0,114,4
590,kobe,1,2002,T,58416,1800,1,1,0,silver,4,0,106,4
591,kyoto,1,2001,G,77742,1800,0,1,1,silver,3,0,105,3
592,kyoto,1,2002,GX,19526,1400,1,0,0,white,0,0,119,3
593,kyoto,1,2000,G,43687,1400,1,1,0,brack,0,0,99,3
594,osaka,0,2003,GX,33768,1400,1,1,0,silver,1,0,115,2
595,kobe,0,2006,GX,43794,1600,1,1,0,silver,1,0,130,3
596,osaka,0,2006,T,79849,1600,1,0,0,silver,1,0,124,2
597,kobe,0,2002,S,27742,1600,1,0,1,silver,3,0,116,2
598,osaka,1,2008,G,67077,1800,1,1,1,brack,1,0,141,7
599,osaka,1,2004,G,64070,1800,0,1,0,silver,1,0,113,6
600,kyoto,1,2002,G,36289,1400,1,1,1,brack,0,0,139,0
601,kobe,1,2000,GX,1242,1800,1,1,1,silver,0,0,145,4
602,kobe,0,2000,GX,41311,1400,1,1,1,brack,1,0,114,3
603,kyoto,1,2001,G,19730,1600,1,1,0,red,1,0,117,1
604,kobe,0,2008,GX,43649,1600,1,1,1,silver,5,0,131,6
605,osaka,1,2001,GX,32718,1800,1,1,0,silver,4,0,94,2
606,kyoto,0,2008,GX,11111,1800,1,1,1,silver,0,0,168,2
607,kyoto,0,2007,GX,42981,1800,1,1,0,silver,0,0,133,6
608,osaka,1,2008,T,63706,1400,1,0,0,white,4,0,94,3
609,osaka,1,2004,T,4573,1800,1,1,1,silver,0,0,160,2
610,kyoto,0,2001,G,37318,1600,1,1,0,brack,0,0,120,1
611,kobe,1,2005,GX,44680,1600,1,0,1,brack,0,0,132,2
612,osaka,1,2004,G,13125,1600,1,1,1,silver,1,0,152,0
613,kyoto,1,2003,T,52068,1600,1,1,0,brack,2,0,118,5
614,kyoto,0,2000,T,23307,1400,1,1,0,white,1,0,107,2
615,kobe,1,2005,G,62318,1400,1,1,0,white,0,0,121,1
616,kyoto,0,2002,G,61913,1400,1,1,0,silver,1,0,95,3
617,kyoto,0,2002,G,6097,1800,1,0,0,blue,1,0,106,0
618,kyoto,1,2000,GX,27414,1600,1,0,0,white,0,0,97,0
619,kobe,1,2002,G,10663,1800,1,1,0,silver,2,0,114,0
620,osaka,0,2000,T,41890,1600,1,0,0,silver,0,0,106,2
621,kyoto,0,2007,G,52792,1400,1,0,0,silver,1,0,109,3
622,osaka,1,2008,G,37317,1600,1,1,0,white,0,0,137,1
623,osaka,0,2000,S,37117,1400,1,1,1,brack,0,0,118,2
624,kyoto,1,2008,G,29307,1600,1,0,0,white,1,0,130,1
625,kobe,0,2007,T,42112,1800,1,0,1,white,0,0,145,4
626,osaka,0,2006,G,7368,1600,1,1,1,white,0,0,145,2
627,osaka,0,2007,S,64271,1400,1,1,0,brack,0,1,103,2
628,kyoto,1,2005,G,26498,1800,1,1,0,silver,0,0,109,1
629,kyoto,1,2008,GX,25268,1400,1,1,0,brack,4,0,119,3
630,osaka,0,2003,S,22917,1800,1,1,0,red,0,0,132,1
631,kyoto,0,2007,T,44885,1800,1,1,0,silver,1,0,123,1
632,kobe,0,2004,S,16846,1800,1,1,0,white,1,0,93,2
633,osaka,1,2005,T,32386,1400,0,1,0,white,0,0,124,0
634,kyoto,0,2002,T,50737,1800,1,1,0,silver,0,0,129,4
635,osaka,0,2005,GX,37922,1400,1,0,0,brack,0,1,112,3
636,kobe,1,2002,T,43555,1400,1,1,0,white,0,0,115,3
637,osaka,1,2000,S,44449,1400,1,1,0,silver,0,0,86,4
638,kyoto,1,2001,GX,15168,1400,1,1,0,blue,1,0,100,1
639,osaka,0,2000,G,50095,1400,1,1,0,white,1,0,103,0
640,osaka,1,2001,T,11070,1400,1,1,0,brack,0,0,116,0
641,kyoto,0,2002,T,79032,1600,1,1,0,blue,1,0,101,1
642,kyoto,1,2002,S,17402,1800,1,1,0,white,2,0,102,2
643,kyoto,1,2002,T,22362,1400,1,1,0,white,3,0,90,2
644,kobe,0,2007,GX,60842,1600,1,1,0,silver,0,0,138,7
645,kyoto,0,2006,S,32632,1400,1,1,0,brack,3,0,112,2
646,kobe,1,2002,S,41702,1800,1,0,0,red,0,0,112,2
647,kyoto,1,2004,S,76583,1600,1,1,0,white,1,0,98,3
648,osaka,1,2008,S,71944,1600,1,1,0,blue,0,0,115,5
649,kobe,1,2007,S,66228,1800,1,1,0,brack,0,0,125,3
650,kyoto,1,2003,G,46127,1800,1,1,0,white,0,0,128,0
651,kyoto,0,2005,S,74127,1600,1,0,0,brack,1,0,114,2
652,kyoto,0,2003,S,49724,1400,0,1,1,brack,1,0,132,3
653,osaka,1,2004,GX,67212,1800,1,1,0,brack,2,0,121,2
654,osaka,0,2002,GX,502,1400,1,0,1,silver,2,0,147,1
655,osaka,0,2002,S,57490,1400,1,0,0,brack,1,0,97,3
656,kobe,1,2003,T,1992,1400,1,1,1,red,1,0,150,3
657,osaka,1,2001,G,4171,1800,1,1,0,white,1,0,132,2
658,kyoto,1,2008,G,40858,1600,1,1,0,silver,0,0,139,3
659,osaka,1,2004,GX,60870,1600,1,1,0,red,0,0,128,1
660,osaka,0,2000,G,49154,1800,1,0,0,silver,2,0,103,0
661,kobe,0,2006,S,73980,1400,1,1,0,white,0,0,96,7
662,kyoto,1,2007,T,3295,1800,1,1,0,white,1,0,141,1
663,osaka,1,2001,G,45699,1400,1,1,1,brack,0,0,126,3
664,osaka,1,2007,T,15009,1400,1,1,0,brack,0,0,122,2
665,osaka,1,2002,G,51955,1400,1,0,0,silver,1,0,101,2
666,osaka,0,2006,G,42500,1800,1,1,0,silver,1,0,145,2
667,osaka,0,2000,GX,24038,1800,1,0,0,brack,1,0,116,2
668,kyoto,1,2007,S,8484,1400,1,1,0,silver,5,0,101,4
669,kyoto,1,2004,S,16417,1600,1,1,0,red,0,0,124,2
670,osaka,1,2008,S,76383,1400,1,1,1,blue,2,0,124,2
671,kobe,0,2002,G,46966,1800,1,1,0,brack,0,0,140,3
672,kobe,1,2002,GX,41113,1800,1,1,0,blue,0,0,113,3
673,kyoto,0,2006,G,78936,1800,0,0,0,silver,0,0,133,3
674,osaka,0,2001,S,34407,1600,1,1,1,silver,0,0,110,0
675,kyoto,1,2005,T,5570,1600,0,1,0,white,0,0,121,4
676,kyoto,1,2007,S,9425,1800,1,0,0,silver,1,0,133,2
677,kyoto,1,2006,GX,42556,1400,1,0,1,brack,2,0,117,0
678,kobe,0,2008,GX,44155,1800,1,1,0,brack,0,0,160,3
679,osaka,0,2002,G,60873,1400,1,0,0,brack,0,0,114,2
680,kyoto,0,2002,T,24660,1600,0,0,1,brack,0,0,121,2
681,kyoto,1,2004,G,36335,1800,1,0,0,silver,2,1,89,2
682,kobe,0,2007,G,42484,1600,1,0,1,silver,0,0,138,8
683,osaka,0,2005,GX,18968,1400,1,1,0,white,0,0,115,1
684,osaka,0,2002,G,75184,1600,1,1,0,brack,0,0,99,3
685,kobe,0,2008,GX,4478,1800,1,1,0,brack,3,1,118,2
686,kobe,1,2005,T,23140,1400,1,1,0,silver,0,0,113,1
687,osaka,0,2005,GX,28288,1400,1,1,0,brack,0,0,121,1
688,osaka,1,2005,GX,64831,1600,1,1,1,silver,1,0,142,6
689,kyoto,1,2004,GX,58532,1600,1,1,0,brack,1,0,105,3
690,osaka,0,2002,T,28215,1600,1,1,1,brack,3,0,97,2
691,osaka,1,2003,GX,12423,1600,1,1,1,brack,1,0,157,1
692,kyoto,0,2006,G,73412,1400,1,1,1,silver,0,0,132,4
693,osaka,0,2003,S,21838,1800,1,0,0,white,1,0,123,2
694,osaka,0,2002,GX,13594,1600,1,1,1,blue,0,0,132,0
695,kyoto,1,2000,S,42945,1800,1,1,1,white,0,0,105,1
696,kobe,0,2000,GX,35573,1800,1,0,0,red,5,0,107,3
697,osaka,0,2007,T,74219,1600,1,1,0,brack,3,0,114,3
698,kobe,1,2008,S,77524,1400,1,0,0,red,0,0,133,9
699,kyoto,1,2005,T,75148,1800,1,1,0,silver,0,0,131,1
700,kyoto,1,2002,GX,22388,1600,1,0,0,red,0,0,111,1
701,kobe,0,2007,GX,21104,1800,1,1,0,white,1,0,137,2
702,osaka,0,2008,G,51282,1600,1,1,0,white,2,0,119,2
703,kobe,0,2005,GX,53285,1800,1,1,0,white,2,0,120,2
704,kobe,1,2005,T,72992,1400,1,1,1,silver,0,0,139,4
705,kyoto,0,2008,G,5884,1800,1,1,0,brack,1,1,120,7
706,osaka,1,2001,G,78399,1400,1,1,0,blue,0,0,99,3
707,kobe,0,2006,S,64876,1600,1,1,0,brack,0,0,125,6
708,kyoto,1,2000,S,46446,1600,1,1,0,brack,1,0,107,2
709,osaka,1,2000,GX,54479,1600,0,0,0,brack,0,0,99,2
710,osaka,0,2002,S,32640,1800,1,1,0,brack,2,0,89,2
711,kobe,1,2001,S,58723,1800,1,1,1,brack,0,0,127,0
712,kyoto,1,2005,T,43258,1400,1,1,0,silver,0,0,124,1
713,osaka,0,2008,T,45284,1400,1,1,0,silver,0,0,126,4
714,osaka,0,2008,T,22256,1600,1,0,0,white,2,0,121,1
715,kyoto,0,2002,G,32974,1400,1,1,1,silver,1,0,123,2
716,kyoto,1,2002,G,4707,1800,1,1,0,silver,0,0,119,1
717,kobe,1,2004,GX,56898,1600,1,1,1,brack,2,0,135,4
718,osaka,0,2003,G,19844,1800,0,1,1,red,0,0,136,3
719,kyoto,1,2008,G,70804,1600,0,0,0,white,4,0,92,7
720,kobe,1,2000,T,28851,1600,1,1,0,brack,0,0,123,1
721,osaka,0,2004,GX,3844,1600,1,1,0,white,2,0,124,1
722,osaka,0,2001,T,43405,1800,1,1,0,silver,2,0,125,2
723,osaka,0,2003,G,67750,1400,1,1,0,blue,1,0,105,2
724,kobe,1,2007,G,10320,1400,1,1,0,silver,0,0,140,2
725,kyoto,1,2000,S,57918,1800,1,1,0,white,1,0,104,1
726,kobe,1,2006,T,43968,1400,1,1,0,brack,0,0,116,3
727,osaka,0,2005,S,76727,1600,1,0,0,brack,1,0,115,2
728,kyoto,0,2004,S,56148,1600,1,1,1,blue,0,0,108,5
729,kobe,0,2006,T,18847,1600,1,1,0,silver,3,0,118,3
730,kyoto,0,2002,T,50997,1800,1,1,0,brack,3,0,115,1
731,osaka,1,2008,S,66476,1600,1,1,0,brack,0,1,116,3
732,kyoto,0,2006,S,10265,1600,1,1,0,brack,2,1,98,0
733,osaka,0,2008,GX,47699,1400,1,1,0,blue,0,0,115,5
734,osaka,1,2000,T,14606,1400,1,1,0,white,0,0,108,2
735,osaka,0,2007,S,30325,1800,1,1,0,white,0,0,129,2
736,osaka,0,2001,T,42949,1600,1,1,0,white,2,0,110,1
737,kyoto,0,2003,G,63840,1400,1,1,1,red,0,0,139,2
738,kyoto,1,2001,G,27222,1600,1,1,0,white,0,0,118,1
739,kobe,0,2001,T,79472,1600,1,0,1,silver,1,0,96,3
740,osaka,1,2003,G,78769,1600,1,1,1,silver,5,0,85,2
741,kobe,1,2004,GX,36528,1600,1,1,0,white,1,0,105,3
742,kobe,0,2008,T,35930,1600,1,1,0,silver,0,0,149,1
743,kobe,1,2006,GX,34119,1600,1,0,0,silver,5,0,114,2
744,osaka,0,2000,S,1476,1800,1,0,0,white,2,0,119,4
745,osaka,1,2003,S,55622,1400,0,1,1,white,2,0,93,1
746,kobe,1,2008,T,71364,1800,1,1,1,white,2,0,128,3
747,kobe,1,2008,S,32351,1800,1,1,1,white,1,0,126,1
748,kobe,0,2007,T,20672,1400,1,1,0,silver,1,0,123,3
749,osaka,0,2002,G,49881,1400,1,1,0,brack,1,1,94,5
750,osaka,1,2001,T,11786,1800,1,0,0,white,2,0,112,0
751,osaka,0,2002,GX,25198,1400,1,1,0,silver,0,0,119,3
752,kobe,0,2004,GX,68124,1600,1,1,1,white,0,0,131,4
753,kyoto,0,2000,T,32361,1800,1,1,0,white,0,0,122,1
754,osaka,0,2004,GX,4337,1800,1,0,0,silver,0,0,144,2
755,kobe,1,2000,GX,41486,1400,1,1,1,white,1,0,113,2
756,osaka,1,2008,G,55804,1800,1,1,0,blue,1,0,140,6
757,osaka,0,2002,T,76000,1800,1,0,0,red,0,0,133,2
758,kyoto,1,2003,T,31684,1800,1,1,1,silver,0,0,128,2
759,osaka,0,2004,GX,394,1600,1,1,0,silver,0,0,174,1
760,kyoto,1,2004,S,53200,1800,1,1,0,brack,0,0,122,0
761,kyoto,0,2004,GX,11861,1800,1,0,1,silver,0,0,136,1
762,kobe,1,2000,GX,42835,1400,1,1,0,silver,1,0,108,1
763,kobe,1,2001,T,10974,1800,1,1,1,blue,0,0,98,0
764,kobe,0,2007,G,11277,1800,1,1,0,blue,1,0,129,1
765,kyoto,0,2002,S,12858,1600,1,1,0,blue,0,0,109,1
766,kyoto,0,2004,GX,44080,1400,1,1,0,silver,0,0,121,1
767,kobe,0,2001,S,78599,1600,1,0,0,silver,0,0,89,3
768,kobe,1,2002,T,60957,1600,1,0,0,white,0,0,118,5
769,kyoto,0,2002,GX,43301,1600,1,1,1,white,2,0,127,5
770,kobe,1,2006,GX,11448,1400,1,1,0,brack,0,0,148,2
771,kyoto,0,2004,GX,65346,1400,0,1,0,silver,0,0,122,2
772,kyoto,1,2004,G,28827,1800,1,1,1,brack,0,0,130,1
773,kobe,0,2004,S,69572,1800,0,1,1,silver,2,0,116,6
774,osaka,1,2006,GX,39876,1800,1,1,0,blue,0,0,144,1
775,kyoto,0,2003,G,55421,1800,1,1,0,silver,2,0,116,5
776,osaka,0,2003,T,12914,1600,1,1,0,blue,1,0,109,3
777,kyoto,1,2004,T,60742,1600,1,1,0,white,0,0,127,2
778,kobe,0,2002,G,76199,1600,1,1,0,white,0,0,102,0
779,osaka,1,2003,S,62308,1600,1,0,0,white,0,0,97,4
780,osaka,0,2002,T,21303,1800,1,1,0,silver,1,0,112,2
781,kobe,1,2007,G,17158,1800,1,1,1,silver,1,0,161,1
782,kyoto,1,2001,T,71366,1800,1,1,0,white,1,0,89,4
783,osaka,0,2002,S,49884,1400,1,1,0,brack,2,0,104,3
784,kyoto,1,2008,G,68551,1800,1,1,0,white,1,0,131,2
785,osaka,1,2000,GX,6862,1800,1,0,0,silver,0,0,122,0
786,kyoto,1,2007,G,64002,1600,1,1,1,silver,0,0,124,3
787,kyoto,0,2003,S,4794,1800,1,1,0,white,0,0,138,3
788,kyoto,0,2003,G,6589,1600,1,1,0,white,0,0,125,0
789,kyoto,1,2000,T,5477,1400,1,0,0,silver,0,0,116,2
790,kyoto,1,2003,GX,58491,1600,1,1,1,silver,1,0,120,0
791,kyoto,1,2000,GX,55008,1400,1,0,0,blue,1,0,72,2
792,kobe,0,2003,S,59728,1400,1,1,0,white,0,0,107,6
793,kobe,0,2007,GX,77790,1800,1,1,0,blue,0,0,123,4
794,osaka,1,2005,T,12381,1800,1,1,0,white,0,0,119,2
795,osaka,0,2006,S,4772,1600,1,1,1,blue,0,0,152,1
796,kyoto,1,2005,G,6922,1800,1,1,1,silver,5,1,107,2
797,osaka,0,2001,G,5410,1800,1,1,0,blue,1,0,104,0
798,kyoto,0,2004,T,67942,1800,1,0,0,silver,0,0,112,4
799,kyoto,0,2003,T,55689,1400,1,1,1,white,1,0,131,3
800,osaka,1,2004,T,58167,1400,1,1,0,white,2,0,122,3
801,osaka,0,2001,GX,39171,1800,1,1,0,white,0,0,114,2
802,kobe,1,2004,GX,23512,1800,1,0,0,brack,1,0,122,7
803,osaka,0,2003,T,61439,1400,1,1,1,silver,1,0,117,4
804,kobe,0,2004,S,56916,1800,1,1,0,white,3,0,109,2
805,kobe,1,2008,S,16352,1800,1,1,0,white,1,0,122,4
806,kyoto,0,2005,G,44780,1800,1,1,0,silver,0,0,126,2
807,kyoto,1,2001,S,78211,1600,0,1,0,silver,1,0,87,3
808,kyoto,0,2004,G,1323,1600,1,0,1,brack,0,0,135,0
809,kyoto,1,2002,T,52680,1800,1,1,0,silver,1,0,123,3
810,osaka,1,2005,S,32061,1400,1,1,1,brack,0,0,119,1
811,kobe,1,2006,G,4131,1800,1,1,0,white,1,0,144,2
812,osaka,0,2004,S,56484,1800,1,1,0,brack,2,0,95,5
813,kyoto,1,2004,T,62800,1600,1,1,0,silver,5,0,112,2
814,kyoto,0,2006,GX,59225,1400,1,1,0,blue,0,0,125,5
815,kobe,0,2006,T,63108,1800,0,1,0,brack,0,0,134,3
816,kyoto,1,2001,T,17429,1600,1,1,0,brack,0,0,121,3
817,osaka,1,2001,GX,33984,1600,1,1,0,silver,0,0,135,2
818,osaka,1,2001,GX,32155,1600,0,1,0,brack,1,0,113,0
819,kyoto,0,2006,S,70422,1600,1,1,0,white,1,0,114,6
820,kyoto,1,2003,GX,67045,1800,1,1,0,white,0,1,110,6
821,kobe,0,2000,T,74116,1600,1,0,0,silver,0,0,94,1
822,kobe,0,2002,G,2888,1400,1,1,0,brack,1,0,116,1
823,kobe,1,2003,G,53023,1600,1,1,0,white,0,0,104,5
824,kobe,1,2003,S,55650,1600,1,1,0,silver,0,0,110,2
825,kobe,0,2000,T,37636,1400,1,1,1,brack,2,0,98,6
826,kyoto,0,2004,S,20752,1800,1,0,0,brack,1,0,118,1
827,kyoto,1,2005,S,13511,1400,1,1,0,white,0,0,115,1
828,osaka,0,2007,G,7889,1800,1,1,0,white,0,0,158,2
829,osaka,0,2006,T,19292,1400,1,1,0,brack,0,0,124,1
830,osaka,1,2008,G,25517,1800,1,1,0,white,1,0,130,2
831,kobe,0,2002,G,61129,1400,1,0,0,brack,0,0,107,0
832,osaka,0,2001,GX,5013,1600,1,1,0,brack,0,0,144,1
833,kyoto,1,2007,S,64023,1600,1,1,1,silver,1,0,120,2
834,kobe,1,2008,G,69752,1600,1,1,0,silver,1,0,123,4
835,osaka,1,2000,G,59546,1800,1,1,0,silver,1,0,90,4
836,osaka,1,2003,G,20864,1400,1,0,0,brack,0,0,106,0
837,kyoto,0,2002,S,5817,1600,1,0,1,white,1,0,109,2
838,osaka,0,2001,T,57086,1400,1,1,0,brack,0,0,111,2
839,kyoto,0,2003,S,64319,1400,1,1,0,red,2,0,108,2
840,kyoto,0,2003,GX,78603,1800,1,1,0,white,0,0,122,4
841,kobe,1,2003,S,77996,1800,1,1,0,blue,3,0,84,3
842,osaka,0,2006,G,52109,1400,1,1,0,brack,1,0,101,0
843,osaka,1,2008,GX,15872,1600,1,1,1,brack,0,0,181,2
844,kobe,0,2002,T,52898,1400,1,0,0,white,0,0,104,3
845,kyoto,1,2008,G,29722,1400,1,1,1,brack,0,0,132,2
846,kobe,0,2003,S,7264,1600,1,1,1,silver,1,0,114,1
847,osaka,1,2008,G,50741,1400,1,1,0,blue,3,0,102,3
848,osaka,1,2002,G,68783,1400,1,0,0,white,1,0,94,4
849,kobe,1,2002,G,68470,1400,1,1,1,white,0,0,132,6
850,osaka,0,2002,S,53419,1400,1,1,1,silver,1,1,82,0
851,osaka,0,2004,T,78413,1800,1,1,1,brack,1,0,144,8
852,osaka,0,2000,G,46218,1400,1,0,0,blue,1,0,82,5
853,kobe,0,2007,GX,10860,1400,1,1,0,white,1,0,139,2
854,kyoto,1,2004,T,52629,1800,1,1,0,brack,0,0,156,3
855,kyoto,1,2000,GX,75149,1400,1,0,1,white,0,0,109,3
856,kyoto,1,2008,GX,47123,1800,1,1,0,silver,5,0,110,3
857,kyoto,0,2005,T,9794,1400,1,0,1,brack,2,0,107,0
858,kobe,0,2001,S,42137,1400,1,1,1,white,1,0,112,3
859,osaka,0,2005,G,53520,1800,1,1,1,brack,0,0,147,4
860,osaka,1,2006,T,14026,1600,1,1,0,blue,0,0,132,2
861,osaka,0,2001,S,35638,1400,1,1,0,silver,0,0,126,0
862,osaka,1,2000,GX,67876,1400,1,1,0,red,1,1,100,4
863,osaka,1,2000,G,14707,1400,1,1,0,brack,3,0,99,1
864,kobe,0,2003,T,43850,1400,1,1,1,silver,1,0,110,2
865,osaka,1,2000,S,52809,1600,1,1,0,blue,0,0,97,2
866,osaka,1,2005,GX,18777,1800,0,1,0,red,0,0,141,3
867,kobe,0,2005,S,23911,1400,1,1,1,blue,0,0,122,1
868,osaka,1,2007,T,29030,1600,1,1,0,silver,5,0,100,3
869,kobe,1,2002,G,29747,1400,1,1,0,brack,1,0,104,4
870,osaka,0,2001,G,60155,1600,1,1,0,brack,5,0,81,2
871,kobe,0,2007,T,18703,1800,1,0,0,brack,0,0,133,2
872,kobe,1,2004,G,78055,1600,1,1,0,white,0,0,99,2
873,kyoto,0,2004,G,40314,1600,1,1,0,red,0,0,127,2
874,kobe,1,2002,GX,2824,1600,1,0,0,silver,1,0,132,2
875,kyoto,0,2007,GX,64022,1800,1,1,1,silver,1,0,132,7
876,kobe,0,2003,S,14706,1600,1,0,1,brack,3,0,118,3
877,osaka,1,2003,G,40145,1800,1,1,0,brack,2,0,109,2
878,kyoto,0,2005,G,6962,1800,1,0,0,silver,0,0,131,1
879,kobe,1,2002,T,78066,1800,1,0,0,silver,0,1,97,5
880,kobe,0,2000,S,65134,1800,1,1,0,brack,4,0,86,3
881,kyoto,0,2001,S,17558,1600,1,1,1,blue,1,0,119,1
882,osaka,1,2000,S,17600,1600,1,1,0,white,0,0,110,2
883,osaka,0,2002,T,23528,1400,1,1,0,silver,0,0,116,2
884,kyoto,0,2006,G,67809,1600,1,1,0,silver,0,0,133,3
885,osaka,1,2000,G,25448,1800,1,0,0,white,0,0,113,2
886,kyoto,1,2003,T,77117,1400,1,1,0,white,0,0,84,0
887,osaka,1,2007,G,411,1800,1,1,0,white,0,0,181,2
888,osaka,1,2002,S,7230,1400,1,1,0,brack,1,0,110,1
889,kyoto,1,2008,G,76454,1800,1,1,0,silver,0,0,142,4
890,kyoto,1,2005,GX,28666,1400,0,1,0,brack,0,0,114,1
891,osaka,1,2007,S,44621,1800,1,1,0,white,0,0,142,1
892,kobe,0,2004,GX,26930,1400,1,1,0,white,0,0,124,2
893,kyoto,0,2005,T,79564,1400,1,1,0,blue,2,0,105,5
894,osaka,1,2007,G,59235,1800,1,1,0,silver,0,0,131,5
895,kobe,1,2004,GX,8033,1600,1,1,0,white,1,0,155,2
896,kobe,0,2000,T,8228,1800,1,1,0,white,2,0,119,2
897,kyoto,1,2002,G,15595,1600,1,1,1,silver,0,0,124,1
898,kyoto,0,2007,GX,33130,1800,1,1,1,silver,0,0,147,1
899,osaka,1,2002,G,7087,1600,1,1,0,brack,4,0,109,3
900,osaka,1,2000,S,37719,1600,1,1,1,blue,1,0,116,2
901,kobe,1,2003,G,20459,1800,1,0,0,silver,0,0,120,1
902,kobe,1,2000,S,36606,1400,1,1,0,brack,0,0,107,3
903,osaka,0,2004,S,27078,1600,1,0,0,silver,1,0,106,4
904,kyoto,0,2001,S,71367,1600,1,1,0,red,1,0,120,2
905,kobe,0,2005,G,34951,1800,1,1,0,silver,2,0,132,3
906,osaka,0,2002,T,65607,1400,1,1,0,white,1,0,93,4
907,kobe,0,2006,T,43658,1800,1,1,0,white,0,0,136,1
908,kobe,1,2004,T,39347,1800,1,1,0,silver,0,0,139,4
909,kobe,0,2006,G,71190,1400,1,1,1,blue,0,0,131,5
910,kyoto,0,2005,T,11737,1400,1,1,1,silver,1,0,130,3
911,kobe,1,2001,G,19368,1800,1,1,0,white,1,0,111,2
912,kyoto,1,2007,T,58967,1600,1,1,0,brack,0,0,124,7
913,osaka,1,2004,GX,17883,1400,1,1,1,brack,0,0,136,5
914,kobe,0,2001,G,9152,1600,1,1,0,red,0,1,117,1
915,kyoto,0,2005,GX,7951,1600,1,0,0,white,1,1,93,2
916,kobe,0,2006,G,14404,1800,1,1,0,silver,0,0,146,2
917,kyoto,0,2003,G,27648,1600,1,1,1,silver,2,0,120,4
918,kobe,0,2000,S,38430,1800,1,1,1,silver,1,0,133,1
919,kyoto,0,2007,T,36557,1400,1,1,0,brack,0,0,144,1
920,kobe,1,2005,G,24577,1400,0,0,0,silver,0,0,122,1
921,kobe,0,2000,S,18278,1800,1,1,1,white,0,0,133,2
922,kobe,1,2002,S,63298,1800,1,0,0,silver,0,0,98,4
923,kobe,0,2006,GX,6460,1600,1,1,0,white,2,0,141,3
924,kobe,0,2006,GX,6102,1400,1,0,1,silver,0,0,146,6
925,osaka,1,2008,GX,19412,1400,1,1,0,blue,0,0,126,2
926,kyoto,1,2003,G,66520,1800,1,0,1,white,0,0,135,4
927,kobe,1,2003,T,44418,1400,1,0,1,white,4,0,97,6
928,osaka,0,2000,GX,76403,1400,1,1,0,blue,1,1,69,6
929,osaka,0,2002,S,77125,1800,1,1,0,white,0,0,130,8
930,kyoto,1,2005,T,48880,1400,1,1,0,white,0,0,111,2
931,osaka,1,2002,G,78305,1400,1,1,0,blue,0,0,91,2
932,osaka,0,2001,T,23668,1600,1,1,0,white,4,0,94,0
933,osaka,0,2004,T,71108,1400,1,1,0,brack,1,0,96,1
934,kyoto,1,2004,T,53745,1400,1,1,0,white,0,0,109,1
935,kyoto,1,2003,GX,15893,1400,1,0,0,white,1,0,107,1
936,osaka,0,2004,T,69536,1400,1,1,0,brack,0,0,113,2
937,osaka,1,2001,GX,21932,1600,1,1,0,brack,0,0,134,1
938,kobe,1,2000,G,69149,1600,1,1,0,silver,3,0,86,5
939,osaka,0,2005,T,60907,1800,1,0,0,brack,1,0,129,6
940,kobe,1,2000,T,33681,1800,0,1,0,red,0,0,93,1
941,osaka,0,2007,S,15737,1600,1,1,0,white,1,0,134,4
942,osaka,0,2001,S,74541,1600,1,1,0,brack,1,0,94,3
943,osaka,0,2001,GX,37491,1800,1,1,0,brack,1,0,138,2
944,kyoto,0,2004,G,74912,1400,1,1,0,silver,0,0,103,3
945,kyoto,1,2000,S,69818,1600,1,1,0,silver,0,0,112,3
946,osaka,1,2003,G,63077,1800,1,1,0,silver,0,0,126,0
947,kobe,0,2004,GX,5485,1600,1,1,1,white,2,0,126,1
948,kyoto,0,2007,GX,1994,1800,1,1,0,white,0,0,165,2
949,osaka,1,2000,S,78467,1800,1,1,0,silver,0,0,126,4
950,kyoto,1,2001,T,40106,1400,1,0,1,brack,0,0,109,1
951,kobe,0,2000,S,21659,1400,1,1,0,blue,4,0,74,0
952,kyoto,1,2004,T,64739,1400,1,1,0,silver,1,0,101,4
953,osaka,1,2002,G,48351,1600,1,1,0,white,1,0,122,1
954,kyoto,0,2002,GX,51080,1800,1,1,1,brack,0,0,146,1
955,kyoto,1,2007,S,76628,1600,1,1,0,silver,0,0,128,4
956,kobe,0,2006,S,62203,1800,0,0,1,white,0,0,120,1
957,kobe,1,2002,GX,31764,1800,1,1,0,silver,2,0,111,0
958,kobe,0,2006,GX,45119,1400,1,1,0,brack,0,0,133,2
959,kobe,0,2008,S,26066,1600,1,1,0,white,1,0,115,1
960,kobe,1,2006,GX,25201,1600,1,1,0,silver,2,0,112,2
961,kobe,0,2001,T,63737,1600,0,1,1,white,1,0,112,3
962,kyoto,1,2003,GX,25697,1400,1,1,0,silver,0,0,125,2
963,kobe,1,2000,G,39836,1800,1,1,0,blue,0,0,113,1
964,osaka,0,2006,T,23052,1400,1,1,0,white,1,0,121,3
965,osaka,0,2007,S,48704,1800,1,1,1,silver,3,0,127,4
966,osaka,1,2001,GX,15995,1400,1,1,0,brack,0,0,112,4
967,kyoto,1,2004,S,38067,1600,1,1,1,brack,2,0,119,0
968,kyoto,0,2000,T,33180,1600,1,1,0,white,0,0,94,3
969,kyoto,1,2001,G,21550,1600,1,1,0,brack,0,0,123,1
970,osaka,1,2006,GX,33910,1600,1,1,0,red,4,0,127,2
971,kyoto,1,2006,G,79611,1800,1,0,0,brack,0,0,127,3
972,osaka,0,2003,T,59271,1600,1,1,1,silver,0,0,123,3
973,osaka,0,2007,G,8318,1800,1,1,1,red,2,0,152,4
974,osaka,0,2000,T,74674,1800,1,0,0,silver,0,0,108,3
975,kobe,0,2000,S,62117,1800,1,0,0,brack,1,0,104,4
976,osaka,1,2000,T,2631,1800,1,1,0,brack,0,0,135,0
977,kobe,1,2002,GX,72167,1400,1,0,0,white,0,0,108,3
978,osaka,0,2000,GX,41914,1600,1,0,1,brack,0,1,112,1
979,kobe,0,2005,GX,28044,1600,1,1,0,silver,4,0,116,4
980,osaka,1,2001,GX,57661,1600,1,0,1,white,0,0,114,4
981,kyoto,1,2006,T,13258,1400,1,1,1,silver,1,0,146,2
982,kobe,1,2000,S,60869,1800,1,1,0,brack,0,0,123,2
983,kyoto,0,2002,T,18500,1600,1,1,1,silver,4,0,108,3
984,osaka,1,2008,S,52080,1400,1,0,0,white,5,0,95,0
985,kobe,0,2005,S,46323,1400,1,1,0,brack,1,0,108,0
986,kyoto,0,2006,GX,8960,1800,1,1,1,silver,1,0,163,1
987,kyoto,1,2005,GX,54576,1600,1,0,0,silver,0,0,130,4
988,kyoto,1,2004,S,49908,1400,0,1,0,brack,4,0,84,1
989,osaka,1,2006,S,37679,1400,1,0,0,white,0,0,112,0
990,osaka,0,2002,G,7376,1800,1,1,0,blue,3,0,102,2
991,kobe,1,2007,S,36450,1800,1,1,0,brack,0,0,139,0
992,kobe,0,2008,T,18705,1600,1,1,0,silver,1,0,147,3
993,kyoto,0,2002,G,8274,1600,1,0,0,white,1,1,123,3
994,kyoto,1,2007,GX,44028,1600,1,1,0,white,1,0,138,2
995,kobe,0,2001,GX,14636,1800,1,1,1,white,0,0,151,1
996,osaka,1,2006,T,40018,1600,1,0,0,blue,2,0,124,2
997,kobe,0,2008,S,44502,1800,1,1,0,blue,1,0,117,5
998,kobe,0,2007,GX,24859,1400,1,1,1,white,0,0,151,3
999,kobe,0,2005,G,29272,1400,1,0,1,brack,4,0,119,1
1000,osaka,0,2001,S,79500,1600,1,0,0,white,1,0,82,5