年,月,日,時,気温(℃),気温(),降水量(mm),降水量(1),降水量(2),日照時間(時間),日照時間(1),日照時間(2)
2018,1,1,1,1.5,8,0,1,8,0,1,8
2018,1,1,2,1.0,8,0,1,8,0,1,8
2018,1,1,3,1.2,8,0,1,8,0,1,8
2018,1,1,4,0.6,8,0,1,8,0,1,8
2018,1,1,5,1.9,8,0,1,8,0,1,8
2018,1,1,6,1.6,8,0,1,8,0,1,8
2018,1,1,7,1.5,8,0,1,8,0.0,0,8
2018,1,1,8,2.7,8,0,1,8,0.5,0,8
2018,1,1,9,5.5,8,0,1,8,1.0,0,8
2018,1,1,10,8.1,8,0,1,8,1.0,0,8
2018,1,1,11,10.8,8,0,1,8,1.0,0,8
2018,1,1,12,12.2,8,0,1,8,1.0,0,8
2018,1,1,13,12.3,8,0,1,8,1.0,0,8
2018,1,1,14,12.4,8,0,1,8,1.0,0,8
2018,1,1,15,11.7,8,0,1,8,1.0,0,8
2018,1,1,16,10.5,8,0,1,8,0.6,0,8
2018,1,1,17,9.3,8,0,1,8,0.3,0,8
2018,1,1,18,8.0,8,0,1,8,0,1,8
2018,1,1,19,7.3,8,0,1,8,0,1,8
2018,1,1,20,6.7,8,0,1,8,0,1,8
2018,1,1,21,6.0,8,0,1,8,0,1,8
2018,1,1,22,5.9,8,0,1,8,0,1,8
2018,1,1,23,5.3,8,0,1,8,0,1,8
2018,1,1,24,3.8,8,0,1,8,0,1,8
2018,1,2,1,5.0,8,0,1,8,0,1,8
2018,1,2,2,5.6,8,0,1,8,0,1,8
2018,1,2,3,5.8,8,0,1,8,0,1,8
2018,1,2,4,5.3,8,0,1,8,0,1,8
2018,1,2,5,4.0,8,0,1,8,0,1,8
2018,1,2,6,1.3,8,0,1,8,0,1,8
2018,1,2,7,3.0,8,0,1,8,0.0,0,8
2018,1,2,8,5.6,8,0,1,8,0.5,0,8
2018,1,2,9,7.3,8,0,1,8,1.0,0,8
2018,1,2,10,8.2,8,0,1,8,1.0,0,8
2018,1,2,11,9.1,8,0,1,8,1.0,0,8
2018,1,2,12,10.0,8,0,1,8,1.0,0,8
2018,1,2,13,10.1,8,0,1,8,1.0,0,8
2018,1,2,14,9.9,8,0,1,8,1.0,0,8
2018,1,2,15,9.1,8,0,1,8,1.0,0,8
2018,1,2,16,8.0,8,0,1,8,1.0,0,8
2018,1,2,17,7.6,8,0,1,8,0.4,0,8
2018,1,2,18,4.9,8,0,1,8,0,1,8
2018,1,2,19,3.9,8,0,1,8,0,1,8
2018,1,2,20,4.1,8,0,1,8,0,1,8
2018,1,2,21,4.8,8,0,1,8,0,1,8
2018,1,2,22,4.3,8,0,1,8,0,1,8
2018,1,2,23,4.7,8,0,1,8,0,1,8
2018,1,2,24,4.9,8,0,1,8,0,1,8
2018,1,3,1,5.2,8,0,1,8,0,1,8
2018,1,3,2,4.9,8,0,1,8,0,1,8
2018,1,3,3,4.5,8,0,1,8,0,1,8
2018,1,3,4,3.8,8,0,1,8,0,1,8
2018,1,3,5,3.7,8,0,1,8,0,1,8
2018,1,3,6,2.9,8,0,1,8,0,1,8
2018,1,3,7,3.1,8,0,1,8,0.0,0,8
2018,1,3,8,3.0,8,0,1,8,0.5,0,8
2018,1,3,9,4.5,8,0,1,8,1.0,0,8
2018,1,3,10,6.3,8,0,1,8,1.0,0,8
2018,1,3,11,7.7,8,0,1,8,1.0,0,8
2018,1,3,12,7.5,8,0,1,8,1.0,0,8
2018,1,3,13,7.9,8,0,1,8,1.0,0,8
2018,1,3,14,7.6,8,0,1,8,1.0,0,8
2018,1,3,15,7.3,8,0,1,8,1.0,0,8
2018,1,3,16,6.4,8,0,1,8,1.0,0,8
2018,1,3,17,5.4,8,0,1,8,0.4,0,8
2018,1,3,18,4.7,8,0,1,8,0,1,8
2018,1,3,19,4.2,8,0,1,8,0,1,8
2018,1,3,20,3.6,8,0,1,8,0,1,8
2018,1,3,21,3.3,8,0,1,8,0,1,8
2018,1,3,22,3.0,8,0,1,8,0,1,8
2018,1,3,23,3.7,8,0,1,8,0,1,8
2018,1,3,24,3.8,8,0,1,8,0,1,8
2018,1,4,1,4.0,8,0,1,8,0,1,8
2018,1,4,2,2.5,8,0,1,8,0,1,8
2018,1,4,3,1.1,8,0,1,8,0,1,8
2018,1,4,4,2.2,8,0,1,8,0,1,8
2018,1,4,5,1.5,8,0,1,8,0,1,8
2018,1,4,6,0.5,8,0,1,8,0,1,8
2018,1,4,7,0.6,8,0,1,8,0.0,0,8
2018,1,4,8,3.4,8,0,1,8,0.5,0,8
2018,1,4,9,5.6,8,0,1,8,1.0,0,8
2018,1,4,10,7.3,8,0,1,8,1.0,0,8
2018,1,4,11,8.4,8,0,1,8,1.0,0,8
2018,1,4,12,8.6,8,0,1,8,1.0,0,8
2018,1,4,13,9.1,8,0,1,8,1.0,0,8
2018,1,4,14,8.7,8,0,1,8,1.0,0,8
2018,1,4,15,8.2,8,0,1,8,1.0,0,8
2018,1,4,16,7.1,8,0,1,8,1.0,0,8
2018,1,4,17,5.9,8,0,1,8,0.3,0,8
2018,1,4,18,5.6,8,0,1,8,0,1,8
2018,1,4,19,4.5,8,0,1,8,0,1,8
2018,1,4,20,4.2,8,0,1,8,0,1,8
2018,1,4,21,4.3,8,0,1,8,0,1,8
2018,1,4,22,3.0,8,0,1,8,0,1,8
2018,1,4,23,2.5,8,0,1,8,0,1,8
2018,1,4,24,2.9,8,0,1,8,0,1,8
2018,1,5,1,3.0,8,0,1,8,0,1,8
2018,1,5,2,3.6,8,0,1,8,0,1,8
2018,1,5,3,2.3,8,0,1,8,0,1,8
2018,1,5,4,2.2,8,0,1,8,0,1,8
2018,1,5,5,2.3,8,0,1,8,0,1,8
2018,1,5,6,2.5,8,0,1,8,0,1,8
2018,1,5,7,2.3,8,0,1,8,0.0,0,8
2018,1,5,8,2.8,8,0,1,8,0.0,0,8
2018,1,5,9,3.5,8,0,1,8,0.0,0,8
2018,1,5,10,4.2,8,0,1,8,0.0,0,8
2018,1,5,11,5.2,8,0,1,8,0.1,0,8
2018,1,5,12,5.5,8,0,1,8,0.0,0,8
2018,1,5,13,5.6,8,0,1,8,0.0,0,8
2018,1,5,14,5.5,8,0,1,8,0.0,0,8
2018,1,5,15,5.5,8,0,1,8,0.0,0,8
2018,1,5,16,5.2,8,0.0,0,8,0.0,0,8
2018,1,5,17,4.9,8,0.0,0,8,0.0,0,8
2018,1,5,18,4.7,8,0,1,8,0,1,8
2018,1,5,19,4.2,8,0,1,8,0,1,8
2018,1,5,20,4.5,8,0,1,8,0,1,8
2018,1,5,21,3.6,8,0,1,8,0,1,8
2018,1,5,22,2.8,8,0,1,8,0,1,8
2018,1,5,23,1.7,8,0,1,8,0,1,8
2018,1,5,24,0.9,8,0,1,8,0,1,8
2018,1,6,1,1.6,8,0,1,8,0,1,8
2018,1,6,2,1.7,8,0,1,8,0,1,8
2018,1,6,3,0.1,8,0,1,8,0,1,8
2018,1,6,4,0.8,8,0,1,8,0,1,8
2018,1,6,5,-0.6,8,0,1,8,0,1,8
2018,1,6,6,-1.3,8,0,1,8,0,1,8
2018,1,6,7,-1.1,8,0,1,8,0.0,0,8
2018,1,6,8,0.2,8,0,1,8,0.1,0,8
2018,1,6,9,4.4,8,0,1,8,1.0,0,8
2018,1,6,10,7.1,8,0,1,8,1.0,0,8
2018,1,6,11,8.2,8,0,1,8,1.0,0,8
2018,1,6,12,8.8,8,0,1,8,1.0,0,8
2018,1,6,13,9.9,8,0,1,8,1.0,0,8
2018,1,6,14,9.9,8,0,1,8,1.0,0,8
2018,1,6,15,9.2,8,0,1,8,1.0,0,8
2018,1,6,16,9.2,8,0,1,8,1.0,0,8
2018,1,6,17,6.4,8,0,1,8,0.4,0,8
2018,1,6,18,5.4,8,0,1,8,0,1,8
2018,1,6,19,4.7,8,0,1,8,0,1,8
2018,1,6,20,6.6,8,0,1,8,0,1,8
2018,1,6,21,6.2,8,0,1,8,0,1,8
2018,1,6,22,5.2,8,0,1,8,0,1,8
2018,1,6,23,4.6,8,0,1,8,0,1,8
2018,1,6,24,4.3,8,0,1,8,0,1,8
2018,1,7,1,4.9,8,0,1,8,0,1,8
2018,1,7,2,4.6,8,0,1,8,0,1,8
2018,1,7,3,3.5,8,0,1,8,0,1,8
2018,1,7,4,2.3,8,0,1,8,0,1,8
2018,1,7,5,2.0,8,0,1,8,0,1,8
2018,1,7,6,2.7,8,0,1,8,0,1,8
2018,1,7,7,3.6,8,0,1,8,0.0,0,8
2018,1,7,8,4.1,8,0,1,8,0.4,0,8
2018,1,7,9,6.7,8,0,1,8,1.0,0,8
2018,1,7,10,8.3,8,0,1,8,1.0,0,8
2018,1,7,11,9.7,8,0,1,8,1.0,0,8
2018,1,7,12,10.2,8,0,1,8,1.0,0,8
2018,1,7,13,11.2,8,0,1,8,1.0,0,8
2018,1,7,14,11.1,8,0,1,8,1.0,0,8
2018,1,7,15,10.4,8,0,1,8,1.0,0,8
2018,1,7,16,9.3,8,0,1,8,1.0,0,8
2018,1,7,17,6.5,8,0,1,8,0.1,0,8
2018,1,7,18,6.5,8,0,1,8,0,1,8
2018,1,7,19,6.4,8,0,1,8,0,1,8
2018,1,7,20,5.7,8,0,1,8,0,1,8
2018,1,7,21,6.3,8,0,1,8,0,1,8
2018,1,7,22,5.3,8,0,1,8,0,1,8
2018,1,7,23,4.6,8,0,1,8,0,1,8
2018,1,7,24,4.5,8,0,1,8,0,1,8
2018,1,8,1,4.6,8,0,1,8,0,1,8
2018,1,8,2,4.7,8,0,1,8,0,1,8
2018,1,8,3,4.2,8,0,1,8,0,1,8
2018,1,8,4,3.7,8,0,1,8,0,1,8
2018,1,8,5,4.2,8,0,1,8,0,1,8
2018,1,8,6,3.7,8,0,1,8,0,1,8
2018,1,8,7,3.5,8,0,1,8,0.0,0,8
2018,1,8,8,4.2,8,0,1,8,0.0,0,8
2018,1,8,9,5.0,8,0,1,8,0.0,0,8
2018,1,8,10,5.2,8,0,1,8,0.0,0,8
2018,1,8,11,6.0,8,0.0,0,8,0.0,0,8
2018,1,8,12,8.3,8,0.0,0,8,0.2,0,8
2018,1,8,13,8.8,8,0,1,8,0.2,0,8
2018,1,8,14,6.2,8,0.0,0,8,0.0,0,8
2018,1,8,15,7.8,8,0.0,0,8,0.0,0,8
2018,1,8,16,8.9,8,0.0,0,8,0.0,0,8
2018,1,8,17,7.3,8,0.5,0,8,0.0,0,8
2018,1,8,18,7.5,8,1.0,0,8,0,1,8
2018,1,8,19,5.8,8,0.5,0,8,0,1,8
2018,1,8,20,5.1,8,1.0,0,8,0,1,8
2018,1,8,21,4.3,8,1.5,0,8,0,1,8
2018,1,8,22,4.2,8,1.5,0,8,0,1,8
2018,1,8,23,4.1,8,1.0,0,8,0,1,8
2018,1,8,24,3.9,8,1.0,0,8,0,1,8
2018,1,9,1,4.2,8,0.5,0,8,0,1,8
2018,1,9,2,4.4,8,0.5,0,8,0,1,8
2018,1,9,3,4.6,8,0.0,0,8,0,1,8
2018,1,9,4,4.9,8,0.5,0,8,0,1,8
2018,1,9,5,5.1,8,0.0,0,8,0,1,8
2018,1,9,6,5.1,8,0.0,0,8,0,1,8
2018,1,9,7,5.5,8,0,1,8,0.0,0,8
2018,1,9,8,7.6,8,0,1,8,0.0,0,8
2018,1,9,9,9.4,8,0,1,8,0.0,0,8
2018,1,9,10,12.2,8,0,1,8,0.3,0,8
2018,1,9,11,9.0,8,0,1,8,0.1,0,8
2018,1,9,12,11.9,8,0,1,8,0.6,0,8
2018,1,9,13,15.7,8,0,1,8,1.0,0,8
2018,1,9,14,14.5,8,0,1,8,1.0,0,8
2018,1,9,15,13.8,8,0,1,8,1.0,0,8
2018,1,9,16,12.9,8,0,1,8,1.0,0,8
2018,1,9,17,11.5,8,0,1,8,0.6,0,8
2018,1,9,18,10.1,8,0,1,8,0,1,8
2018,1,9,19,9.6,8,0,1,8,0,1,8
2018,1,9,20,8.5,8,0,1,8,0,1,8
2018,1,9,21,8.7,8,0,1,8,0,1,8
2018,1,9,22,6.1,8,0,1,8,0,1,8
2018,1,9,23,3.6,8,0,1,8,0,1,8
2018,1,9,24,5.1,8,0,1,8,0,1,8
2018,1,10,1,6.4,8,0,1,8,0,1,8
2018,1,10,2,5.4,8,0,1,8,0,1,8
2018,1,10,3,5.3,8,0,1,8,0,1,8
2018,1,10,4,5.2,8,0,1,8,0,1,8
2018,1,10,5,4.9,8,0,1,8,0,1,8
2018,1,10,6,4.2,8,0,1,8,0,1,8
2018,1,10,7,3.8,8,0,1,8,0.0,0,8
2018,1,10,8,5.1,8,0,1,8,0.4,0,8
2018,1,10,9,7.1,8,0,1,8,1.0,0,8
2018,1,10,10,8.7,8,0,1,8,1.0,0,8
2018,1,10,11,10.3,8,0,1,8,1.0,0,8
2018,1,10,12,10.7,8,0,1,8,1.0,0,8
2018,1,10,13,10.8,8,0,1,8,1.0,0,8
2018,1,10,14,10.2,8,0,1,8,1.0,0,8
2018,1,10,15,9.7,8,0,1,8,1.0,0,8
2018,1,10,16,9.3,8,0,1,8,1.0,0,8
2018,1,10,17,8.5,8,0,1,8,0.6,0,8
2018,1,10,18,8.3,8,0,1,8,0,1,8
2018,1,10,19,8.2,8,0,1,8,0,1,8
2018,1,10,20,8.0,8,0,1,8,0,1,8
2018,1,10,21,7.7,8,0,1,8,0,1,8
2018,1,10,22,6.9,8,0,1,8,0,1,8
2018,1,10,23,7.5,8,0,1,8,0,1,8
2018,1,10,24,7.4,8,0,1,8,0,1,8
2018,1,11,1,5.2,8,0,1,8,0,1,8
2018,1,11,2,4.7,8,0,1,8,0,1,8
2018,1,11,3,4.4,8,0,1,8,0,1,8
2018,1,11,4,3.9,8,0,1,8,0,1,8
2018,1,11,5,3.0,8,0,1,8,0,1,8
2018,1,11,6,2.9,8,0,1,8,0,1,8
2018,1,11,7,1.8,8,0,1,8,0.0,0,8
2018,1,11,8,3.6,8,0,1,8,0.5,0,8
2018,1,11,9,5.5,8,0,1,8,1.0,0,8
2018,1,11,10,7.4,8,0,1,8,1.0,0,8
2018,1,11,11,8.6,8,0,1,8,1.0,0,8
2018,1,11,12,8.6,8,0,1,8,1.0,0,8
2018,1,11,13,10.0,8,0,1,8,1.0,0,8
2018,1,11,14,9.7,8,0,1,8,1.0,0,8
2018,1,11,15,8.6,8,0,1,8,1.0,0,8
2018,1,11,16,8.7,8,0,1,8,1.0,0,8
2018,1,11,17,6.8,8,0,1,8,0.6,0,8
2018,1,11,18,6.0,8,0,1,8,0,1,8
2018,1,11,19,4.9,8,0,1,8,0,1,8
2018,1,11,20,3.4,8,0,1,8,0,1,8
2018,1,11,21,2.8,8,0,1,8,0,1,8
2018,1,11,22,2.4,8,0,1,8,0,1,8
2018,1,11,23,2.3,8,0,1,8,0,1,8
2018,1,11,24,0.8,8,0,1,8,0,1,8
2018,1,12,1,-0.3,8,0,1,8,0,1,8
2018,1,12,2,1.2,8,0,1,8,0,1,8
2018,1,12,3,0.6,8,0,1,8,0,1,8
2018,1,12,4,-0.2,8,0,1,8,0,1,8
2018,1,12,5,0.4,8,0,1,8,0,1,8
2018,1,12,6,0.0,8,0,1,8,0,1,8
2018,1,12,7,-0.7,8,0,1,8,0.0,0,8
2018,1,12,8,0.3,8,0,1,8,0.4,0,8
2018,1,12,9,2.7,8,0,1,8,1.0,0,8
2018,1,12,10,3.9,8,0,1,8,1.0,0,8
2018,1,12,11,5.0,8,0,1,8,1.0,0,8
2018,1,12,12,5.5,8,0,1,8,1.0,0,8
2018,1,12,13,6.2,8,0,1,8,1.0,0,8
2018,1,12,14,6.6,8,0,1,8,1.0,0,8
2018,1,12,15,5.8,8,0,1,8,1.0,0,8
2018,1,12,16,5.2,8,0,1,8,1.0,0,8
2018,1,12,17,3.6,8,0,1,8,0.3,0,8
2018,1,12,18,2.5,8,0,1,8,0,1,8
2018,1,12,19,2.4,8,0,1,8,0,1,8
2018,1,12,20,3.9,8,0,1,8,0,1,8
2018,1,12,21,3.5,8,0,1,8,0,1,8
2018,1,12,22,2.4,8,0,1,8,0,1,8
2018,1,12,23,1.8,8,0,1,8,0,1,8
2018,1,12,24,1.3,8,0,1,8,0,1,8
2018,1,13,1,0.5,8,0,1,8,0,1,8
2018,1,13,2,0.3,8,0,1,8,0,1,8
2018,1,13,3,0.5,8,0,1,8,0,1,8
2018,1,13,4,0.0,8,0,1,8,0,1,8
2018,1,13,5,-0.3,8,0,1,8,0,1,8
2018,1,13,6,-0.3,8,0,1,8,0,1,8
2018,1,13,7,-0.5,8,0,1,8,0.0,0,8
2018,1,13,8,-0.2,8,0,1,8,0.5,0,8
2018,1,13,9,1.5,8,0,1,8,1.0,0,8
2018,1,13,10,3.2,8,0,1,8,1.0,0,8
2018,1,13,11,4.7,8,0,1,8,1.0,0,8
2018,1,13,12,5.6,8,0,1,8,1.0,0,8
2018,1,13,13,6.7,8,0,1,8,1.0,0,8
2018,1,13,14,6.6,8,0,1,8,1.0,0,8
2018,1,13,15,6.0,8,0,1,8,1.0,0,8
2018,1,13,16,5.5,8,0,1,8,1.0,0,8
2018,1,13,17,3.5,8,0,1,8,0.6,0,8
2018,1,13,18,2.5,8,0,1,8,0,1,8
2018,1,13,19,2.6,8,0,1,8,0,1,8
2018,1,13,20,2.8,8,0,1,8,0,1,8
2018,1,13,21,3.7,8,0,1,8,0,1,8
2018,1,13,22,3.5,8,0,1,8,0,1,8
2018,1,13,23,2.8,8,0,1,8,0,1,8
2018,1,13,24,2.5,8,0,1,8,0,1,8
2018,1,14,1,2.3,8,0,1,8,0,1,8
2018,1,14,2,2.6,8,0,1,8,0,1,8
2018,1,14,3,2.1,8,0,1,8,0,1,8
2018,1,14,4,2.5,8,0,1,8,0,1,8
2018,1,14,5,2.4,8,0,1,8,0,1,8
2018,1,14,6,1.0,8,0,1,8,0,1,8
2018,1,14,7,2.0,8,0,1,8,0.0,0,8
2018,1,14,8,2.9,8,0,1,8,0.6,0,8
2018,1,14,9,4.4,8,0,1,8,1.0,0,8
2018,1,14,10,5.6,8,0,1,8,1.0,0,8
2018,1,14,11,6.9,8,0,1,8,1.0,0,8
2018,1,14,12,7.2,8,0,1,8,1.0,0,8
2018,1,14,13,7.5,8,0,1,8,1.0,0,8
2018,1,14,14,7.7,8,0,1,8,1.0,0,8
2018,1,14,15,6.8,8,0,1,8,1.0,0,8
2018,1,14,16,6.3,8,0,1,8,1.0,0,8
2018,1,14,17,4.4,8,0,1,8,0.7,0,8
2018,1,14,18,4.3,8,0,1,8,0,1,8
2018,1,14,19,5.1,8,0,1,8,0,1,8
2018,1,14,20,4.7,8,0,1,8,0,1,8
2018,1,14,21,2.7,8,0,1,8,0,1,8
2018,1,14,22,2.5,8,0,1,8,0,1,8
2018,1,14,23,2.0,8,0,1,8,0,1,8
2018,1,14,24,2.1,8,0,1,8,0,1,8
2018,1,15,1,1.7,8,0,1,8,0,1,8
2018,1,15,2,1.9,8,0,1,8,0,1,8
2018,1,15,3,1.0,8,0,1,8,0,1,8
2018,1,15,4,0.4,8,0,1,8,0,1,8
2018,1,15,5,-0.3,8,0,1,8,0,1,8
2018,1,15,6,0.0,8,0,1,8,0,1,8
2018,1,15,7,-0.1,8,0,1,8,0.0,0,8
2018,1,15,8,0.7,8,0,1,8,0.4,0,8
2018,1,15,9,2.6,8,0,1,8,1.0,0,8
2018,1,15,10,4.9,8,0,1,8,1.0,0,8
2018,1,15,11,5.5,8,0,1,8,1.0,0,8
2018,1,15,12,7.4,8,0,1,8,0.9,0,8
2018,1,15,13,8.8,8,0,1,8,0.9,0,8
2018,1,15,14,11.8,8,0,1,8,0.8,0,8
2018,1,15,15,11.7,8,0,1,8,1.0,0,8
2018,1,15,16,8.1,8,0,1,8,1.0,0,8
2018,1,15,17,6.4,8,0,1,8,0.6,0,8
2018,1,15,18,6.3,8,0,1,8,0,1,8
2018,1,15,19,4.3,8,0,1,8,0,1,8
2018,1,15,20,4.6,8,0,1,8,0,1,8
2018,1,15,21,3.9,8,0,1,8,0,1,8
2018,1,15,22,3.5,8,0,1,8,0,1,8
2018,1,15,23,3.3,8,0,1,8,0,1,8
2018,1,15,24,2.5,8,0,1,8,0,1,8
2018,1,16,1,2.4,8,0,1,8,0,1,8
2018,1,16,2,2.4,8,0,1,8,0,1,8
2018,1,16,3,2.8,8,0,1,8,0,1,8
2018,1,16,4,2.3,8,0,1,8,0,1,8
2018,1,16,5,2.0,8,0,1,8,0,1,8
2018,1,16,6,4.7,8,0,1,8,0,1,8
2018,1,16,7,1.9,8,0,1,8,0.0,0,8
2018,1,16,8,3.7,8,0,1,8,0.5,0,8
2018,1,16,9,6.8,8,0,1,8,1.0,0,8
2018,1,16,10,9.4,8,0,1,8,1.0,0,8
2018,1,16,11,11.6,8,0,1,8,1.0,0,8
2018,1,16,12,11.7,8,0,1,8,1.0,0,8
2018,1,16,13,13.0,8,0,1,8,1.0,0,8
2018,1,16,14,13.5,8,0,1,8,1.0,0,8
2018,1,16,15,13.2,8,0,1,8,1.0,0,8
2018,1,16,16,12.3,8,0,1,8,1.0,0,8
2018,1,16,17,8.8,8,0,1,8,0.4,0,8
2018,1,16,18,8.7,8,0,1,8,0,1,8
2018,1,16,19,7.5,8,0,1,8,0,1,8
2018,1,16,20,7.1,8,0,1,8,0,1,8
2018,1,16,21,7.6,8,0,1,8,0,1,8
2018,1,16,22,7.5,8,0,1,8,0,1,8
2018,1,16,23,6.1,8,0,1,8,0,1,8
2018,1,16,24,4.4,8,0,1,8,0,1,8
2018,1,17,1,4.8,8,0,1,8,0,1,8
2018,1,17,2,4.8,8,0,1,8,0,1,8
2018,1,17,3,5.9,8,0,1,8,0,1,8
2018,1,17,4,5.5,8,0,1,8,0,1,8
2018,1,17,5,6.1,8,0,1,8,0,1,8
2018,1,17,6,6.4,8,0,1,8,0,1,8
2018,1,17,7,6.4,8,0,1,8,0.0,0,8
2018,1,17,8,6.7,8,0,1,8,0.0,0,8
2018,1,17,9,7.3,8,0,1,8,0.0,0,8
2018,1,17,10,6.9,8,0.0,0,8,0.0,0,8
2018,1,17,11,7.3,8,0,1,8,0.0,0,8
2018,1,17,12,7.6,8,0,1,8,0.0,0,8
2018,1,17,13,8.3,8,0.0,0,8,0.0,0,8
2018,1,17,14,8.9,8,0.0,0,8,0.0,0,8
2018,1,17,15,8.0,8,0.0,0,8,0.0,0,8
2018,1,17,16,7.4,8,0.5,0,8,0.0,0,8
2018,1,17,17,7.2,8,3.5,0,8,0.0,0,8
2018,1,17,18,8.0,8,3.0,0,8,0,1,8
2018,1,17,19,7.4,8,6.5,0,8,0,1,8
2018,1,17,20,7.2,8,1.0,0,8,0,1,8
2018,1,17,21,7.2,8,0.5,0,8,0,1,8
2018,1,17,22,7.0,8,0.0,0,8,0,1,8
2018,1,17,23,6.6,8,0.0,0,8,0,1,8
2018,1,17,24,6.7,8,0.0,0,8,0,1,8
2018,1,18,1,6.5,8,0.0,0,8,0,1,8
2018,1,18,2,6.1,8,0,1,8,0,1,8
2018,1,18,3,5.3,8,0,1,8,0,1,8
2018,1,18,4,4.2,8,0,1,8,0,1,8
2018,1,18,5,3.9,8,0,1,8,0,1,8
2018,1,18,6,3.3,8,0,1,8,0,1,8
2018,1,18,7,3.2,8,0,1,8,0.0,0,8
2018,1,18,8,4.9,8,0,1,8,0.6,0,8
2018,1,18,9,8.0,8,0,1,8,1.0,0,8
2018,1,18,10,10.0,8,0,1,8,1.0,0,8
2018,1,18,11,12.0,8,0,1,8,1.0,0,8
2018,1,18,12,13.4,8,0,1,8,1.0,0,8
2018,1,18,13,13.3,8,0,1,8,0.9,0,8
2018,1,18,14,12.5,8,0,1,8,0.2,0,8
2018,1,18,15,11.7,8,0,1,8,0.0,0,8
2018,1,18,16,12.2,8,0,1,8,0.0,0,8
2018,1,18,17,10.7,8,0,1,8,0.0,0,8
2018,1,18,18,8.8,8,0,1,8,0,1,8
2018,1,18,19,10.2,8,0,1,8,0,1,8
2018,1,18,20,8.3,8,0,1,8,0,1,8
2018,1,18,21,7.7,8,0,1,8,0,1,8
2018,1,18,22,8.5,8,0,1,8,0,1,8
2018,1,18,23,7.0,8,0,1,8,0,1,8
2018,1,18,24,7.2,8,0,1,8,0,1,8
2018,1,19,1,6.7,8,0,1,8,0,1,8
2018,1,19,2,6.8,8,0,1,8,0,1,8
2018,1,19,3,7.8,8,0,1,8,0,1,8
2018,1,19,4,8.1,8,0,1,8,0,1,8
2018,1,19,5,7.2,8,0,1,8,0,1,8
2018,1,19,6,6.6,8,0,1,8,0,1,8
2018,1,19,7,6.8,8,0,1,8,0.0,0,8
2018,1,19,8,6.7,8,0,1,8,0.5,0,8
2018,1,19,9,8.8,8,0,1,8,1.0,0,8
2018,1,19,10,9.2,8,0,1,8,0.9,0,8
2018,1,19,11,10.2,8,0,1,8,0.8,0,8
2018,1,19,12,10.3,8,0,1,8,0.5,0,8
2018,1,19,13,10.5,8,0,1,8,0.0,0,8
2018,1,19,14,10.2,8,0,1,8,0.0,0,8
2018,1,19,15,10.2,8,0,1,8,0.1,0,8
2018,1,19,16,9.7,8,0,1,8,0.1,0,8
2018,1,19,17,9.0,8,0,1,8,0.0,0,8
2018,1,19,18,9.7,8,0,1,8,0,1,8
2018,1,19,19,8.6,8,0,1,8,0,1,8
2018,1,19,20,8.3,8,0,1,8,0,1,8
2018,1,19,21,7.9,8,0,1,8,0,1,8
2018,1,19,22,7.7,8,0,1,8,0,1,8
2018,1,19,23,7.5,8,0,1,8,0,1,8
2018,1,19,24,7.0,8,0,1,8,0,1,8
2018,1,20,1,6.4,8,0,1,8,0,1,8
2018,1,20,2,6.1,8,0,1,8,0,1,8
2018,1,20,3,5.8,8,0.0,0,8,0,1,8
2018,1,20,4,5.6,8,0.0,0,8,0,1,8
2018,1,20,5,5.5,8,0.0,0,8,0,1,8
2018,1,20,6,5.4,8,0.0,0,8,0,1,8
2018,1,20,7,5.2,8,0,1,8,0.0,0,8
2018,1,20,8,5.4,8,0.0,0,8,0.0,0,8
2018,1,20,9,5.9,8,0.0,0,8,0.0,0,8
2018,1,20,10,6.7,8,0,1,8,0.1,0,8
2018,1,20,11,7.5,8,0,1,8,0.2,0,8
2018,1,20,12,8.3,8,0,1,8,0.0,0,8
2018,1,20,13,8.3,8,0,1,8,0.0,0,8
2018,1,20,14,9.1,8,0,1,8,0.4,0,8
2018,1,20,15,9.1,8,0,1,8,0.4,0,8
2018,1,20,16,8.7,8,0,1,8,1.0,0,8
2018,1,20,17,6.5,8,0,1,8,0.3,0,8
2018,1,20,18,5.4,8,0,1,8,0,1,8
2018,1,20,19,5.0,8,0,1,8,0,1,8
2018,1,20,20,4.9,8,0,1,8,0,1,8
2018,1,20,21,4.8,8,0,1,8,0,1,8
2018,1,20,22,5.2,8,0,1,8,0,1,8
2018,1,20,23,5.0,8,0,1,8,0,1,8
2018,1,20,24,4.4,8,0,1,8,0,1,8
2018,1,21,1,3.7,8,0,1,8,0,1,8
2018,1,21,2,4.7,8,0,1,8,0,1,8
2018,1,21,3,5.5,8,0,1,8,0,1,8
2018,1,21,4,5.1,8,0,1,8,0,1,8
2018,1,21,5,3.5,8,0,1,8,0,1,8
2018,1,21,6,3.0,8,0,1,8,0,1,8
2018,1,21,7,3.6,8,0,1,8,0.0,0,8
2018,1,21,8,4.3,8,0,1,8,0.7,0,8
2018,1,21,9,6.5,8,0,1,8,1.0,0,8
2018,1,21,10,8.1,8,0,1,8,1.0,0,8
2018,1,21,11,9.9,8,0,1,8,1.0,0,8
2018,1,21,12,10.8,8,0,1,8,1.0,0,8
2018,1,21,13,11.7,8,0,1,8,1.0,0,8
2018,1,21,14,11.5,8,0,1,8,1.0,0,8
2018,1,21,15,10.9,8,0,1,8,1.0,0,8
2018,1,21,16,10.1,8,0,1,8,1.0,0,8
2018,1,21,17,8.4,8,0,1,8,0.5,0,8
2018,1,21,18,7.0,8,0,1,8,0,1,8
2018,1,21,19,6.5,8,0,1,8,0,1,8
2018,1,21,20,7.4,8,0,1,8,0,1,8
2018,1,21,21,7.6,8,0,1,8,0,1,8
2018,1,21,22,6.5,8,0,1,8,0,1,8
2018,1,21,23,5.5,8,0,1,8,0,1,8
2018,1,21,24,5.0,8,0,1,8,0,1,8
2018,1,22,1,4.6,8,0,1,8,0,1,8
2018,1,22,2,4.6,8,0,1,8,0,1,8
2018,1,22,3,4.4,8,0,1,8,0,1,8
2018,1,22,4,3.0,8,0,1,8,0,1,8
2018,1,22,5,2.9,8,0,1,8,0,1,8
2018,1,22,6,4.3,8,0,1,8,0,1,8
2018,1,22,7,4.1,8,0.0,0,8,0.0,0,8
2018,1,22,8,4.1,8,0.0,0,8,0.0,0,8
2018,1,22,9,3.1,8,0.0,0,8,0.0,0,8
2018,1,22,10,2.4,8,0.0,0,8,0.0,0,8
2018,1,22,11,1.5,8,0.5,0,8,0.0,0,8
2018,1,22,12,1.0,8,0.0,0,8,0.0,0,8
2018,1,22,13,1.1,8,0.0,0,8,0.0,0,8
2018,1,22,14,0.3,8,1.5,0,8,0.0,0,8
2018,1,22,15,0.3,8,1.5,0,8,0.0,0,8
2018,1,22,16,0.1,8,2.0,0,8,0.0,0,8
2018,1,22,17,0.0,8,2.5,0,8,0.0,0,8
2018,1,22,18,-0.2,8,4.0,0,8,0,1,8
2018,1,22,19,-0.5,8,3.0,0,8,0,1,8
2018,1,22,20,-0.3,8,2.0,0,8,0,1,8
2018,1,22,21,0.0,8,3.5,0,8,0,1,8
2018,1,22,22,0.2,8,2.0,0,8,0,1,8
2018,1,22,23,0.3,8,1.0,0,8,0,1,8
2018,1,22,24,0.5,8,0.5,0,8,0,1,8
2018,1,23,1,0.5,8,0.0,0,8,0,1,8
2018,1,23,2,0.5,8,0.0,0,8,0,1,8
2018,1,23,3,0.2,8,0,1,8,0,1,8
2018,1,23,4,0.1,8,0,1,8,0,1,8
2018,1,23,5,-0.4,8,0,1,8,0,1,8
2018,1,23,6,-0.2,8,0,1,8,0,1,8
2018,1,23,7,-0.5,8,0,1,8,0.0,0,8
2018,1,23,8,0.1,8,0,1,8,0.7,0,8
2018,1,23,9,2.4,8,0,1,8,1.0,0,8
2018,1,23,10,4.9,8,0,1,8,1.0,0,8
2018,1,23,11,7.1,8,0,1,8,1.0,0,8
2018,1,23,12,8.3,8,0,1,8,1.0,0,8
2018,1,23,13,9.2,8,0,1,8,1.0,0,8
2018,1,23,14,9.5,8,0,1,8,1.0,0,8
2018,1,23,15,8.7,8,0,1,8,1.0,0,8
2018,1,23,16,6.1,8,0,1,8,1.0,0,8
2018,1,23,17,6.4,8,0,1,8,0.5,0,8
2018,1,23,18,6.0,8,0,1,8,0,1,8
2018,1,23,19,6.1,8,0,1,8,0,1,8
2018,1,23,20,5.2,8,0,1,8,0,1,8
2018,1,23,21,3.6,8,0,1,8,0,1,8
2018,1,23,22,2.5,8,0,1,8,0,1,8
2018,1,23,23,0.9,8,0,1,8,0,1,8
2018,1,23,24,0.7,8,0,1,8,0,1,8
2018,1,24,1,1.0,8,0,1,8,0,1,8
2018,1,24,2,0.6,8,0,1,8,0,1,8
2018,1,24,3,-0.2,8,0,1,8,0,1,8
2018,1,24,4,0.2,8,0,1,8,0,1,8
2018,1,24,5,0.6,8,0,1,8,0,1,8
2018,1,24,6,0.4,8,0,1,8,0,1,8
2018,1,24,7,-0.1,8,0,1,8,0.0,0,8
2018,1,24,8,1.7,8,0,1,8,0.6,0,8
2018,1,24,9,3.9,8,0,1,8,1.0,0,8
2018,1,24,10,5.2,8,0,1,8,1.0,0,8
2018,1,24,11,6.0,8,0,1,8,1.0,0,8
2018,1,24,12,6.5,8,0,1,8,1.0,0,8
2018,1,24,13,6.4,8,0,1,8,0.8,0,8
2018,1,24,14,6.7,8,0,1,8,0.8,0,8
2018,1,24,15,5.7,8,0,1,8,0.9,0,8
2018,1,24,16,4.7,8,0,1,8,0.9,0,8
2018,1,24,17,3.2,8,0,1,8,0.0,0,8
2018,1,24,18,2.1,8,0,1,8,0,1,8
2018,1,24,19,1.1,8,0,1,8,0,1,8
2018,1,24,20,0.6,8,0,1,8,0,1,8
2018,1,24,21,0.0,8,0,1,8,0,1,8
2018,1,24,22,-0.7,8,0,1,8,0,1,8
2018,1,24,23,-1.3,8,0,1,8,0,1,8
2018,1,24,24,-1.5,8,0,1,8,0,1,8
2018,1,25,1,-2.0,8,0,1,8,0,1,8
2018,1,25,2,-2.3,8,0,1,8,0,1,8
2018,1,25,3,-2.2,8,0,1,8,0,1,8
2018,1,25,4,-2.8,8,0,1,8,0,1,8
2018,1,25,5,-3.0,8,0,1,8,0,1,8
2018,1,25,6,-3.6,8,0,1,8,0,1,8
2018,1,25,7,-3.5,8,0,1,8,0.0,0,8
2018,1,25,8,-1.9,8,0,1,8,0.8,0,8
2018,1,25,9,0.2,8,0,1,8,1.0,0,8
2018,1,25,10,1.4,8,0,1,8,1.0,0,8
2018,1,25,11,2.3,8,0,1,8,1.0,0,8
2018,1,25,12,3.5,8,0,1,8,1.0,0,8
2018,1,25,13,3.4,8,0,1,8,1.0,0,8
2018,1,25,14,3.5,8,0,1,8,1.0,0,8
2018,1,25,15,2.9,8,0,1,8,1.0,0,8
2018,1,25,16,2.4,8,0,1,8,1.0,0,8
2018,1,25,17,1.8,8,0,1,8,0.8,0,8
2018,1,25,18,1.2,8,0,1,8,0,1,8
2018,1,25,19,0.3,8,0,1,8,0,1,8
2018,1,25,20,0.0,8,0,1,8,0,1,8
2018,1,25,21,-0.1,8,0,1,8,0,1,8
2018,1,25,22,-1.1,8,0,1,8,0,1,8
2018,1,25,23,-0.8,8,0,1,8,0,1,8
2018,1,25,24,-0.6,8,0,1,8,0,1,8
2018,1,26,1,-1.8,8,0,1,8,0,1,8
2018,1,26,2,-1.6,8,0,1,8,0,1,8
2018,1,26,3,-1.3,8,0,1,8,0,1,8
2018,1,26,4,-1.9,8,0,1,8,0,1,8
2018,1,26,5,-2.4,8,0,1,8,0,1,8
2018,1,26,6,-2.6,8,0,1,8,0,1,8
2018,1,26,7,-2.1,8,0,1,8,0.0,0,8
2018,1,26,8,-0.7,8,0,1,8,0.7,0,8
2018,1,26,9,1.4,8,0,1,8,1.0,0,8
2018,1,26,10,3.1,8,0,1,8,1.0,0,8
2018,1,26,11,4.0,8,0,1,8,1.0,0,8
2018,1,26,12,4.5,8,0,1,8,1.0,0,8
2018,1,26,13,3.5,8,0,1,8,0.9,0,8
2018,1,26,14,3.6,8,0,1,8,0.6,0,8
2018,1,26,15,3.3,8,0,1,8,1.0,0,8
2018,1,26,16,2.7,8,0,1,8,0.6,0,8
2018,1,26,17,1.5,8,0,1,8,0.5,0,8
2018,1,26,18,1.0,8,0,1,8,0,1,8
2018,1,26,19,0.3,8,0,1,8,0,1,8
2018,1,26,20,-0.1,8,0,1,8,0,1,8
2018,1,26,21,-0.3,8,0,1,8,0,1,8
2018,1,26,22,-0.2,8,0,1,8,0,1,8
2018,1,26,23,-0.5,8,0,1,8,0,1,8
2018,1,26,24,-0.8,8,0,1,8,0,1,8
2018,1,27,1,-1.1,8,0,1,8,0,1,8
2018,1,27,2,-1.0,8,0,1,8,0,1,8
2018,1,27,3,-1.2,8,0,1,8,0,1,8
2018,1,27,4,-1.5,8,0,1,8,0,1,8
2018,1,27,5,-0.5,8,0,1,8,0,1,8
2018,1,27,6,-0.3,8,0,1,8,0,1,8
2018,1,27,7,0.5,8,0,1,8,0.0,0,8
2018,1,27,8,1.6,8,0,1,8,0.7,0,8
2018,1,27,9,3.0,8,0,1,8,1.0,0,8
2018,1,27,10,4.6,8,0,1,8,1.0,0,8
2018,1,27,11,5.5,8,0,1,8,1.0,0,8
2018,1,27,12,6.1,8,0,1,8,1.0,0,8
2018,1,27,13,6.4,8,0,1,8,1.0,0,8
2018,1,27,14,6.5,8,0,1,8,1.0,0,8
2018,1,27,15,6.3,8,0,1,8,1.0,0,8
2018,1,27,16,5.5,8,0,1,8,1.0,0,8
2018,1,27,17,4.6,8,0,1,8,0.8,0,8
2018,1,27,18,3.7,8,0,1,8,0,1,8
2018,1,27,19,2.6,8,0,1,8,0,1,8
2018,1,27,20,2.6,8,0,1,8,0,1,8
2018,1,27,21,2.3,8,0,1,8,0,1,8
2018,1,27,22,2.3,8,0,1,8,0,1,8
2018,1,27,23,1.6,8,0,1,8,0,1,8
2018,1,27,24,2.0,8,0,1,8,0,1,8
2018,1,28,1,1.8,8,0,1,8,0,1,8
2018,1,28,2,0.6,8,0,1,8,0,1,8
2018,1,28,3,1.0,8,0,1,8,0,1,8
2018,1,28,4,0.8,8,0,1,8,0,1,8
2018,1,28,5,0.9,8,0,1,8,0,1,8
2018,1,28,6,0.0,8,0,1,8,0,1,8
2018,1,28,7,-0.6,8,0,1,8,0.0,0,8
2018,1,28,8,0.7,8,0,1,8,0.4,0,8
2018,1,28,9,1.8,8,0,1,8,0.3,0,8
2018,1,28,10,2.1,8,0,1,8,0.0,0,8
2018,1,28,11,2.3,8,0,1,8,0.0,0,8
2018,1,28,12,3.1,8,0,1,8,0.0,0,8
2018,1,28,13,3.5,8,0,1,8,0.0,0,8
2018,1,28,14,4.0,8,0,1,8,0.0,0,8
2018,1,28,15,4.4,8,0.0,0,8,0.0,0,8
2018,1,28,16,4.8,8,0,1,8,0.5,0,8
2018,1,28,17,3.0,8,0,1,8,0.7,0,8
2018,1,28,18,1.6,8,0,1,8,0.0,0,8
2018,1,28,19,0.8,8,0,1,8,0,1,8
2018,1,28,20,0.4,8,0,1,8,0,1,8
2018,1,28,21,1.0,8,0,1,8,0,1,8
2018,1,28,22,0.7,8,0,1,8,0,1,8
2018,1,28,23,0.9,8,0,1,8,0,1,8
2018,1,28,24,0.0,8,0,1,8,0,1,8
2018,1,29,1,-0.4,8,0,1,8,0,1,8
2018,1,29,2,-0.9,8,0,1,8,0,1,8
2018,1,29,3,-0.5,8,0,1,8,0,1,8
2018,1,29,4,-0.5,8,0,1,8,0,1,8
2018,1,29,5,-0.8,8,0,1,8,0,1,8
2018,1,29,6,-1.3,8,0,1,8,0,1,8
2018,1,29,7,-1.8,8,0,1,8,0.0,0,8
2018,1,29,8,0.8,8,0,1,8,0.7,0,8
2018,1,29,9,3.4,8,0,1,8,1.0,0,8
2018,1,29,10,5.2,8,0,1,8,1.0,0,8
2018,1,29,11,6.9,8,0,1,8,1.0,0,8
2018,1,29,12,7.8,8,0,1,8,1.0,0,8
2018,1,29,13,9.2,8,0,1,8,1.0,0,8
2018,1,29,14,8.9,8,0,1,8,0.3,0,8
2018,1,29,15,9.0,8,0,1,8,0.4,0,8
2018,1,29,16,7.4,8,0,1,8,0.0,0,8
2018,1,29,17,6.6,8,0,1,8,0.0,0,8
2018,1,29,18,5.7,8,0,1,8,0.0,0,8
2018,1,29,19,5.0,8,0,1,8,0,1,8
2018,1,29,20,5.4,8,0,1,8,0,1,8
2018,1,29,21,5.5,8,0,1,8,0,1,8
2018,1,29,22,4.1,8,0.0,0,8,0,1,8
2018,1,29,23,2.8,8,0.0,0,8,0,1,8
2018,1,29,24,2.3,8,0,1,8,0,1,8
2018,1,30,1,1.4,8,0,1,8,0,1,8
2018,1,30,2,1.4,8,0,1,8,0,1,8
2018,1,30,3,1.6,8,0,1,8,0,1,8
2018,1,30,4,1.6,8,0,1,8,0,1,8
2018,1,30,5,2.0,8,0,1,8,0,1,8
2018,1,30,6,1.7,8,0,1,8,0,1,8
2018,1,30,7,1.1,8,0,1,8,0.0,0,8
2018,1,30,8,2.2,8,0,1,8,0.2,0,8
2018,1,30,9,3.1,8,0,1,8,0.8,0,8
2018,1,30,10,3.3,8,0,1,8,0.3,0,8
2018,1,30,11,3.6,8,0,1,8,0.3,0,8
2018,1,30,12,5.4,8,0,1,8,0.6,0,8
2018,1,30,13,5.9,8,0,1,8,0.6,0,8
2018,1,30,14,5.8,8,0,1,8,0.5,0,8
2018,1,30,15,5.7,8,0,1,8,0.2,0,8
2018,1,30,16,5.2,8,0,1,8,0.2,0,8
2018,1,30,17,4.7,8,0,1,8,0.0,0,8
2018,1,30,18,4.5,8,0.0,0,8,0.0,0,8
2018,1,30,19,4.2,8,0.0,0,8,0,1,8
2018,1,30,20,2.7,8,0,1,8,0,1,8
2018,1,30,21,2.7,8,0,1,8,0,1,8
2018,1,30,22,2.5,8,0,1,8,0,1,8
2018,1,30,23,3.4,8,0,1,8,0,1,8
2018,1,30,24,2.8,8,0,1,8,0,1,8
2018,1,31,1,1.7,8,0,1,8,0,1,8
2018,1,31,2,1.4,8,0,1,8,0,1,8
2018,1,31,3,0.0,8,0,1,8,0,1,8
2018,1,31,4,0.3,8,0,1,8,0,1,8
2018,1,31,5,-0.8,8,0,1,8,0,1,8
2018,1,31,6,-0.5,8,0,1,8,0,1,8
2018,1,31,7,-0.9,8,0,1,8,0.0,0,8
2018,1,31,8,0.5,8,0,1,8,0.4,0,8
2018,1,31,9,2.8,8,0,1,8,1.0,0,8
2018,1,31,10,4.6,8,0,1,8,1.0,0,8
2018,1,31,11,6.2,8,0,1,8,1.0,0,8
2018,1,31,12,7.7,8,0,1,8,1.0,0,8
2018,1,31,13,8.2,8,0,1,8,1.0,0,8
2018,1,31,14,8.6,8,0,1,8,1.0,0,8
2018,1,31,15,8.4,8,0,1,8,1.0,0,8
2018,1,31,16,8.1,8,0,1,8,0.1,0,8
2018,1,31,17,6.6,8,0,1,8,0.0,0,8
2018,1,31,18,5.5,8,0,1,8,0.0,0,8
2018,1,31,19,5.2,8,0,1,8,0,1,8
2018,1,31,20,4.8,8,0,1,8,0,1,8
2018,1,31,21,4.1,8,0,1,8,0,1,8
2018,1,31,22,4.4,8,0,1,8,0,1,8
2018,1,31,23,4.4,8,0,1,8,0,1,8
2018,1,31,24,3.4,8,0,1,8,0,1,8
2018,2,1,1,4.2,8,0,1,8,0,1,8
2018,2,1,2,3.9,8,0,1,8,0,1,8
2018,2,1,3,3.1,8,0,1,8,0,1,8
2018,2,1,4,3.2,8,0,1,8,0,1,8
2018,2,1,5,2.7,8,0,1,8,0,1,8
2018,2,1,6,2.1,8,0,1,8,0,1,8
2018,2,1,7,2.2,8,0,1,8,0.0,0,8
2018,2,1,8,3.0,8,0,1,8,0.1,0,8
2018,2,1,9,4.2,8,0,1,8,0.6,0,8
2018,2,1,10,5.5,8,0,1,8,0.8,0,8
2018,2,1,11,5.7,8,0,1,8,0.4,0,8
2018,2,1,12,5.4,8,0.0,0,8,0.0,0,8
2018,2,1,13,4.1,8,0.0,0,8,0.0,0,8
2018,2,1,14,3.5,8,1.0,0,8,0.0,0,8
2018,2,1,15,3.4,8,0.0,0,8,0.0,0,8
2018,2,1,16,3.3,8,0.5,0,8,0.0,0,8
2018,2,1,17,3.0,8,0.5,0,8,0.0,0,8
2018,2,1,18,2.7,8,0.5,0,8,0.0,0,8
2018,2,1,19,2.3,8,1.0,0,8,0,1,8
2018,2,1,20,1.9,8,0.5,0,8,0,1,8
2018,2,1,21,1.4,8,1.5,0,8,0,1,8
2018,2,1,22,0.8,8,1.0,0,8,0,1,8
2018,2,1,23,0.8,8,1.5,0,8,0,1,8
2018,2,1,24,0.7,8,1.0,0,8,0,1,8
2018,2,2,1,0.8,8,0.5,0,8,0,1,8
2018,2,2,2,0.7,8,1.0,0,8,0,1,8
2018,2,2,3,0.6,8,1.0,0,8,0,1,8
2018,2,2,4,0.6,8,0.5,0,8,0,1,8
2018,2,2,5,0.6,8,0.5,0,8,0,1,8
2018,2,2,6,0.6,8,0.0,0,8,0,1,8
2018,2,2,7,0.6,8,0.5,0,8,0.0,0,8
2018,2,2,8,0.9,8,0.0,0,8,0.0,0,8
2018,2,2,9,1.0,8,0.5,0,8,0.0,0,8
2018,2,2,10,1.1,8,1.0,0,8,0.0,0,8
2018,2,2,11,1.5,8,0.0,0,8,0.0,0,8
2018,2,2,12,1.6,8,0.0,0,8,0.0,0,8
2018,2,2,13,2.2,8,0.5,0,8,0.0,0,8
2018,2,2,14,2.7,8,0.0,0,8,0.0,0,8
2018,2,2,15,3.0,8,0.0,0,8,0.0,0,8
2018,2,2,16,3.3,8,0.0,0,8,0.0,0,8
2018,2,2,17,2.8,8,0.0,0,8,0.0,0,8
2018,2,2,18,3.0,8,0.0,0,8,0.0,0,8
2018,2,2,19,2.7,8,0.0,0,8,0,1,8
2018,2,2,20,2.9,8,0.0,0,8,0,1,8
2018,2,2,21,3.1,8,0.0,0,8,0,1,8
2018,2,2,22,3.1,8,0.0,0,8,0,1,8
2018,2,2,23,3.2,8,0.0,0,8,0,1,8
2018,2,2,24,2.8,8,0.0,0,8,0,1,8
2018,2,3,1,2.6,8,0.0,0,8,0,1,8
2018,2,3,2,2.0,8,0,1,8,0,1,8
2018,2,3,3,2.7,8,0,1,8,0,1,8
2018,2,3,4,2.3,8,0,1,8,0,1,8
2018,2,3,5,2.3,8,0,1,8,0,1,8
2018,2,3,6,1.9,8,0,1,8,0,1,8
2018,2,3,7,2.2,8,0,1,8,0.0,0,8
2018,2,3,8,2.7,8,0,1,8,0.0,0,8
2018,2,3,9,4.1,8,0,1,8,0.8,0,8
2018,2,3,10,5.3,8,0,1,8,1.0,0,8
2018,2,3,11,6.4,8,0,1,8,0.8,0,8
2018,2,3,12,6.9,8,0,1,8,0.6,0,8
2018,2,3,13,6.8,8,0,1,8,0.0,0,8
2018,2,3,14,6.7,8,0,1,8,0.0,0,8
2018,2,3,15,7.0,8,0,1,8,0.0,0,8
2018,2,3,16,6.6,8,0,1,8,0.3,0,8
2018,2,3,17,5.2,8,0,1,8,0.7,0,8
2018,2,3,18,4.0,8,0,1,8,0.0,0,8
2018,2,3,19,4.6,8,0,1,8,0,1,8
2018,2,3,20,5.5,8,0,1,8,0,1,8
2018,2,3,21,5.6,8,0,1,8,0,1,8
2018,2,3,22,5.4,8,0,1,8,0,1,8
2018,2,3,23,5.1,8,0.0,0,8,0,1,8
2018,2,3,24,4.4,8,0,1,8,0,1,8
2018,2,4,1,4.3,8,0,1,8,0,1,8
2018,2,4,2,3.5,8,0,1,8,0,1,8
2018,2,4,3,3.3,8,0,1,8,0,1,8
2018,2,4,4,2.5,8,0,1,8,0,1,8
2018,2,4,5,3.5,8,0,1,8,0,1,8
2018,2,4,6,2.6,8,0,1,8,0,1,8
2018,2,4,7,3.6,8,0,1,8,0.0,0,8
2018,2,4,8,4.6,8,0,1,8,0.2,0,8
2018,2,4,9,4.7,8,0,1,8,0.3,0,8
2018,2,4,10,5.6,8,0.0,0,8,0.1,0,8
2018,2,4,11,7.8,8,0.0,0,8,0.4,0,8
2018,2,4,12,9.4,8,0,1,8,1.0,0,8
2018,2,4,13,9.2,8,0,1,8,1.0,0,8
2018,2,4,14,9.3,8,0,1,8,1.0,0,8
2018,2,4,15,8.4,8,0,1,8,0.6,0,8
2018,2,4,16,8.2,8,0,1,8,0.3,0,8
2018,2,4,17,6.1,8,0,1,8,0.1,0,8
2018,2,4,18,6.3,8,0,1,8,0.0,0,8
2018,2,4,19,5.5,8,0,1,8,0,1,8
2018,2,4,20,5.0,8,0,1,8,0,1,8
2018,2,4,21,3.9,8,0,1,8,0,1,8
2018,2,4,22,4.1,8,0,1,8,0,1,8
2018,2,4,23,3.9,8,0,1,8,0,1,8
2018,2,4,24,3.4,8,0,1,8,0,1,8
2018,2,5,1,3.3,8,0,1,8,0,1,8
2018,2,5,2,2.8,8,0,1,8,0,1,8
2018,2,5,3,2.9,8,0,1,8,0,1,8
2018,2,5,4,2.6,8,0,1,8,0,1,8
2018,2,5,5,1.9,8,0,1,8,0,1,8
2018,2,5,6,1.5,8,0,1,8,0,1,8
2018,2,5,7,1.1,8,0,1,8,0.0,0,8
2018,2,5,8,2.1,8,0,1,8,0.3,0,8
2018,2,5,9,3.0,8,0,1,8,0.1,0,8
2018,2,5,10,4.4,8,0,1,8,0.6,0,8
2018,2,5,11,6.1,8,0,1,8,1.0,0,8
2018,2,5,12,7.3,8,0,1,8,1.0,0,8
2018,2,5,13,7.7,8,0,1,8,1.0,0,8
2018,2,5,14,7.1,8,0,1,8,1.0,0,8
2018,2,5,15,7.4,8,0,1,8,1.0,0,8
2018,2,5,16,7.2,8,0,1,8,0.9,0,8
2018,2,5,17,7.1,8,0,1,8,0.1,0,8
2018,2,5,18,6.2,8,0,1,8,0.0,0,8
2018,2,5,19,4.9,8,0,1,8,0,1,8
2018,2,5,20,4.3,8,0,1,8,0,1,8
2018,2,5,21,3.6,8,0,1,8,0,1,8
2018,2,5,22,3.4,8,0,1,8,0,1,8
2018,2,5,23,2.3,8,0,1,8,0,1,8
2018,2,5,24,1.9,8,0,1,8,0,1,8
2018,2,6,1,0.8,8,0,1,8,0,1,8
2018,2,6,2,0.0,8,0,1,8,0,1,8
2018,2,6,3,-0.4,8,0,1,8,0,1,8
2018,2,6,4,-0.1,8,0,1,8,0,1,8
2018,2,6,5,0.6,8,0,1,8,0,1,8
2018,2,6,6,-1.2,8,0,1,8,0,1,8
2018,2,6,7,-1.1,8,0,1,8,0.0,0,8
2018,2,6,8,1.6,8,0,1,8,0.7,0,8
2018,2,6,9,3.5,8,0,1,8,1.0,0,8
2018,2,6,10,5.4,8,0,1,8,1.0,0,8
2018,2,6,11,5.9,8,0,1,8,1.0,0,8
2018,2,6,12,6.5,8,0,1,8,1.0,0,8
2018,2,6,13,7.0,8,0,1,8,1.0,0,8
2018,2,6,14,6.5,8,0,1,8,1.0,0,8
2018,2,6,15,6.7,8,0,1,8,1.0,0,8
2018,2,6,16,6.1,8,0,1,8,1.0,0,8
2018,2,6,17,5.2,8,0,1,8,0.2,0,8
2018,2,6,18,5.5,8,0,1,8,0.0,0,8
2018,2,6,19,5.4,8,0,1,8,0,1,8
2018,2,6,20,4.6,8,0,1,8,0,1,8
2018,2,6,21,3.1,8,0,1,8,0,1,8
2018,2,6,22,3.5,8,0,1,8,0,1,8
2018,2,6,23,2.3,8,0,1,8,0,1,8
2018,2,6,24,1.0,8,0,1,8,0,1,8
2018,2,7,1,1.2,8,0,1,8,0,1,8
2018,2,7,2,0.1,8,0,1,8,0,1,8
2018,2,7,3,-0.1,8,0,1,8,0,1,8
2018,2,7,4,-1.7,8,0,1,8,0,1,8
2018,2,7,5,-1.0,8,0,1,8,0,1,8
2018,2,7,6,-1.2,8,0,1,8,0,1,8
2018,2,7,7,-1.2,8,0,1,8,0.0,0,8
2018,2,7,8,1.2,8,0,1,8,0.7,0,8
2018,2,7,9,3.9,8,0,1,8,1.0,0,8
2018,2,7,10,5.1,8,0,1,8,1.0,0,8
2018,2,7,11,6.6,8,0,1,8,1.0,0,8
2018,2,7,12,7.6,8,0,1,8,1.0,0,8
2018,2,7,13,8.1,8,0,1,8,1.0,0,8
2018,2,7,14,8.3,8,0,1,8,1.0,0,8
2018,2,7,15,8.1,8,0,1,8,1.0,0,8
2018,2,7,16,7.3,8,0,1,8,1.0,0,8
2018,2,7,17,4.7,8,0,1,8,0.5,0,8
2018,2,7,18,3.9,8,0,1,8,0.0,0,8
2018,2,7,19,5.4,8,0,1,8,0,1,8
2018,2,7,20,4.8,8,0,1,8,0,1,8
2018,2,7,21,3.2,8,0,1,8,0,1,8
2018,2,7,22,3.1,8,0,1,8,0,1,8
2018,2,7,23,2.8,8,0,1,8,0,1,8
2018,2,7,24,1.8,8,0,1,8,0,1,8
2018,2,8,1,2.0,8,0,1,8,0,1,8
2018,2,8,2,1.0,8,0,1,8,0,1,8
2018,2,8,3,0.5,8,0,1,8,0,1,8
2018,2,8,4,0.1,8,0,1,8,0,1,8
2018,2,8,5,0.1,8,0,1,8,0,1,8
2018,2,8,6,0.3,8,0,1,8,0,1,8
2018,2,8,7,0.2,8,0,1,8,0.0,0,8
2018,2,8,8,2.0,8,0,1,8,0.8,0,8
2018,2,8,9,3.3,8,0,1,8,1.0,0,8
2018,2,8,10,5.2,8,0,1,8,1.0,0,8
2018,2,8,11,5.7,8,0,1,8,1.0,0,8
2018,2,8,12,7.2,8,0,1,8,1.0,0,8
2018,2,8,13,7.5,8,0,1,8,1.0,0,8
2018,2,8,14,8.0,8,0,1,8,1.0,0,8
2018,2,8,15,7.8,8,0,1,8,1.0,0,8
2018,2,8,16,6.3,8,0,1,8,0.5,0,8
2018,2,8,17,5.7,8,0,1,8,0.5,0,8
2018,2,8,18,4.6,8,0,1,8,0.0,0,8
2018,2,8,19,3.5,8,0,1,8,0,1,8
2018,2,8,20,4.2,8,0,1,8,0,1,8
2018,2,8,21,3.9,8,0,1,8,0,1,8
2018,2,8,22,3.2,8,0,1,8,0,1,8
2018,2,8,23,2.5,8,0,1,8,0,1,8
2018,2,8,24,1.7,8,0,1,8,0,1,8
2018,2,9,1,1.7,8,0,1,8,0,1,8
2018,2,9,2,1.1,8,0,1,8,0,1,8
2018,2,9,3,-0.3,8,0,1,8,0,1,8
2018,2,9,4,-0.8,8,0,1,8,0,1,8
2018,2,9,5,-0.1,8,0,1,8,0,1,8
2018,2,9,6,-0.5,8,0,1,8,0,1,8
2018,2,9,7,-0.8,8,0,1,8,0.0,0,8
2018,2,9,8,2.1,8,0,1,8,0.8,0,8
2018,2,9,9,4.0,8,0,1,8,1.0,0,8
2018,2,9,10,4.8,8,0,1,8,1.0,0,8
2018,2,9,11,6.3,8,0,1,8,1.0,0,8
2018,2,9,12,8.6,8,0,1,8,1.0,0,8
2018,2,9,13,8.6,8,0,1,8,1.0,0,8
2018,2,9,14,8.8,8,0,1,8,1.0,0,8
2018,2,9,15,9.0,8,0,1,8,1.0,0,8
2018,2,9,16,8.3,8,0,1,8,1.0,0,8
2018,2,9,17,7.5,8,0,1,8,0.7,0,8
2018,2,9,18,5.7,8,0,1,8,0.0,0,8
2018,2,9,19,5.2,8,0,1,8,0,1,8
2018,2,9,20,4.3,8,0,1,8,0,1,8
2018,2,9,21,4.6,8,0,1,8,0,1,8
2018,2,9,22,4.7,8,0,1,8,0,1,8
2018,2,9,23,4.5,8,0,1,8,0,1,8
2018,2,9,24,3.6,8,0,1,8,0,1,8
2018,2,10,1,2.6,8,0,1,8,0,1,8
2018,2,10,2,2.9,8,0,1,8,0,1,8
2018,2,10,3,2.5,8,0,1,8,0,1,8
2018,2,10,4,1.9,8,0,1,8,0,1,8
2018,2,10,5,0.5,8,0,1,8,0,1,8
2018,2,10,6,1.4,8,0,1,8,0,1,8
2018,2,10,7,2.1,8,0,1,8,0.0,0,8
2018,2,10,8,3.5,8,0,1,8,0.1,0,8
2018,2,10,9,4.8,8,0,1,8,0.5,0,8
2018,2,10,10,6.2,8,0,1,8,1.0,0,8
2018,2,10,11,6.7,8,0,1,8,0.5,0,8
2018,2,10,12,9.9,8,0,1,8,0.4,0,8
2018,2,10,13,10.0,8,0,1,8,0.9,0,8
2018,2,10,14,10.7,8,0,1,8,0.9,0,8
2018,2,10,15,11.0,8,0,1,8,1.0,0,8
2018,2,10,16,10.9,8,0,1,8,0.5,0,8
2018,2,10,17,11.7,8,0,1,8,0.0,0,8
2018,2,10,18,11.3,8,0.0,0,8,0.0,0,8
2018,2,10,19,11.0,8,0,1,8,0,1,8
2018,2,10,20,11.1,8,0.0,0,8,0,1,8
2018,2,10,21,10.1,8,0.0,0,8,0,1,8
2018,2,10,22,8.4,8,1.0,0,8,0,1,8
2018,2,10,23,8.2,8,0.5,0,8,0,1,8
2018,2,10,24,7.4,8,0.0,0,8,0,1,8
2018,2,11,1,7.3,8,0.0,0,8,0,1,8
2018,2,11,2,6.0,8,0.0,0,8,0,1,8
2018,2,11,3,6.6,8,0.0,0,8,0,1,8
2018,2,11,4,6.3,8,0.0,0,8,0,1,8
2018,2,11,5,5.7,8,0,1,8,0,1,8
2018,2,11,6,6.3,8,0,1,8,0,1,8
2018,2,11,7,6.7,8,0,1,8,0.0,0,8
2018,2,11,8,8.1,8,0,1,8,0.3,0,8
2018,2,11,9,10.0,8,0,1,8,0.6,0,8
2018,2,11,10,11.0,8,0,1,8,0.7,0,8
2018,2,11,11,11.6,8,0,1,8,0.1,0,8
2018,2,11,12,12.6,8,0,1,8,0.0,0,8
2018,2,11,13,13.4,8,0,1,8,0.2,0,8
2018,2,11,14,13.5,8,0,1,8,0.4,0,8
2018,2,11,15,12.7,8,0,1,8,0.5,0,8
2018,2,11,16,12.3,8,0.0,0,8,0.1,0,8
2018,2,11,17,11.1,8,0.0,0,8,0.0,0,8
2018,2,11,18,9.7,8,0,1,8,0.0,0,8
2018,2,11,19,7.6,8,0,1,8,0,1,8
2018,2,11,20,6.6,8,0,1,8,0,1,8
2018,2,11,21,5.9,8,0,1,8,0,1,8
2018,2,11,22,5.1,8,0,1,8,0,1,8
2018,2,11,23,4.6,8,0,1,8,0,1,8
2018,2,11,24,4.3,8,0,1,8,0,1,8
2018,2,12,1,3.8,8,0,1,8,0,1,8
2018,2,12,2,3.3,8,0,1,8,0,1,8
2018,2,12,3,2.9,8,0,1,8,0,1,8
2018,2,12,4,1.9,8,0,1,8,0,1,8
2018,2,12,5,1.0,8,0,1,8,0,1,8
2018,2,12,6,-0.3,8,0,1,8,0,1,8
2018,2,12,7,1.4,8,0,1,8,0.0,0,8
2018,2,12,8,3.1,8,0,1,8,0.8,0,8
2018,2,12,9,4.9,8,0,1,8,1.0,0,8
2018,2,12,10,5.9,8,0,1,8,1.0,0,8
2018,2,12,11,7.5,8,0,1,8,1.0,0,8
2018,2,12,12,9.0,8,0,1,8,1.0,0,8
2018,2,12,13,8.3,8,0,1,8,1.0,0,8
2018,2,12,14,8.0,8,0,1,8,0.9,0,8
2018,2,12,15,7.7,8,0,1,8,1.0,0,8
2018,2,12,16,7.3,8,0,1,8,0.7,0,8
2018,2,12,17,6.2,8,0,1,8,0.8,0,8
2018,2,12,18,5.9,8,0,1,8,0.1,0,8
2018,2,12,19,5.5,8,0,1,8,0,1,8
2018,2,12,20,4.3,8,0,1,8,0,1,8
2018,2,12,21,3.6,8,0,1,8,0,1,8
2018,2,12,22,2.5,8,0,1,8,0,1,8
2018,2,12,23,1.3,8,0,1,8,0,1,8
2018,2,12,24,0.8,8,0,1,8,0,1,8
2018,2,13,1,0.7,8,0,1,8,0,1,8
2018,2,13,2,0.0,8,0,1,8,0,1,8
2018,2,13,3,-0.3,8,0,1,8,0,1,8
2018,2,13,4,-0.5,8,0,1,8,0,1,8
2018,2,13,5,-0.4,8,0,1,8,0,1,8
2018,2,13,6,0.3,8,0,1,8,0,1,8
2018,2,13,7,-0.6,8,0,1,8,0.0,0,8
2018,2,13,8,2.3,8,0,1,8,0.8,0,8
2018,2,13,9,5.1,8,0,1,8,1.0,0,8
2018,2,13,10,6.9,8,0,1,8,1.0,0,8
2018,2,13,11,7.6,8,0,1,8,1.0,0,8
2018,2,13,12,7.9,8,0,1,8,1.0,0,8
2018,2,13,13,8.7,8,0,1,8,0.5,0,8
2018,2,13,14,7.5,8,0,1,8,0.0,0,8
2018,2,13,15,8.2,8,0,1,8,0.8,0,8
2018,2,13,16,6.1,8,0,1,8,0.2,0,8
2018,2,13,17,6.7,8,0,1,8,0.5,0,8
2018,2,13,18,6.4,8,0,1,8,0.1,0,8
2018,2,13,19,5.1,8,0,1,8,0,1,8
2018,2,13,20,4.2,8,0,1,8,0,1,8
2018,2,13,21,4.0,8,0,1,8,0,1,8
2018,2,13,22,2.9,8,0,1,8,0,1,8
2018,2,13,23,2.7,8,0,1,8,0,1,8
2018,2,13,24,2.1,8,0,1,8,0,1,8
2018,2,14,1,1.6,8,0,1,8,0,1,8
2018,2,14,2,1.1,8,0,1,8,0,1,8
2018,2,14,3,0.5,8,0,1,8,0,1,8
2018,2,14,4,0.0,8,0,1,8,0,1,8
2018,2,14,5,0.7,8,0,1,8,0,1,8
2018,2,14,6,0.6,8,0,1,8,0,1,8
2018,2,14,7,1.1,8,0,1,8,0.0,0,8
2018,2,14,8,3.5,8,0,1,8,0.8,0,8
2018,2,14,9,6.2,8,0,1,8,1.0,0,8
2018,2,14,10,8.0,8,0,1,8,1.0,0,8
2018,2,14,11,8.5,8,0,1,8,1.0,0,8
2018,2,14,12,9.1,8,0,1,8,1.0,0,8
2018,2,14,13,9.0,8,0,1,8,1.0,0,8
2018,2,14,14,9.7,8,0,1,8,1.0,0,8
2018,2,14,15,10.2,8,0,1,8,1.0,0,8
2018,2,14,16,10.6,8,0,1,8,1.0,0,8
2018,2,14,17,9.2,8,0,1,8,0.9,0,8
2018,2,14,18,8.5,8,0,1,8,0.0,0,8
2018,2,14,19,8.1,8,0,1,8,0,1,8
2018,2,14,20,7.9,8,0,1,8,0,1,8
2018,2,14,21,8.0,8,0,1,8,0,1,8
2018,2,14,22,7.5,8,0,1,8,0,1,8
2018,2,14,23,7.3,8,0,1,8,0,1,8
2018,2,14,24,6.9,8,0,1,8,0,1,8
2018,2,15,1,6.7,8,0,1,8,0,1,8
2018,2,15,2,6.5,8,0,1,8,0,1,8
2018,2,15,3,6.9,8,0,1,8,0,1,8
2018,2,15,4,7.9,8,0,1,8,0,1,8
2018,2,15,5,8.5,8,0,1,8,0,1,8
2018,2,15,6,7.8,8,0,1,8,0,1,8
2018,2,15,7,6.6,8,0,1,8,0.0,0,8
2018,2,15,8,9.0,8,0,1,8,0.6,0,8
2018,2,15,9,10.3,8,0,1,8,1.0,0,8
2018,2,15,10,11.2,8,0,1,8,0.7,0,8
2018,2,15,11,13.2,8,0,1,8,1.0,0,8
2018,2,15,12,13.5,8,0,1,8,1.0,0,8
2018,2,15,13,14.5,8,0,1,8,1.0,0,8
2018,2,15,14,14.1,8,0,1,8,1.0,0,8
2018,2,15,15,14.0,8,0,1,8,1.0,0,8
2018,2,15,16,12.6,8,0,1,8,0.9,0,8
2018,2,15,17,11.3,8,0,1,8,0.0,0,8
2018,2,15,18,10.7,8,0,1,8,0.0,0,8
2018,2,15,19,8.7,8,0,1,8,0,1,8
2018,2,15,20,7.8,8,0,1,8,0,1,8
2018,2,15,21,8.0,8,0,1,8,0,1,8
2018,2,15,22,6.7,8,0,1,8,0,1,8
2018,2,15,23,6.6,8,0,1,8,0,1,8
2018,2,15,24,6.4,8,0,1,8,0,1,8
2018,2,16,1,6.0,8,0,1,8,0,1,8
2018,2,16,2,4.9,8,0,1,8,0,1,8
2018,2,16,3,4.3,8,0,1,8,0,1,8
2018,2,16,4,4.2,8,0,1,8,0,1,8
2018,2,16,5,4.0,8,0,1,8,0,1,8
2018,2,16,6,4.1,8,0,1,8,0,1,8
2018,2,16,7,4.0,8,0,1,8,0.0,0,8
2018,2,16,8,4.5,8,0,1,8,0.2,0,8
2018,2,16,9,5.9,8,0,1,8,0.7,0,8
2018,2,16,10,6.3,8,0,1,8,0.9,0,8
2018,2,16,11,7.6,8,0,1,8,1.0,0,8
2018,2,16,12,8.7,8,0,1,8,1.0,0,8
2018,2,16,13,8.1,8,0,1,8,0.6,0,8
2018,2,16,14,9.0,8,0,1,8,0.1,0,8
2018,2,16,15,8.9,8,0,1,8,0.5,0,8
2018,2,16,16,8.1,8,0,1,8,0.6,0,8
2018,2,16,17,7.5,8,0,1,8,0.5,0,8
2018,2,16,18,7.1,8,0,1,8,0.0,0,8
2018,2,16,19,7.0,8,0,1,8,0,1,8
2018,2,16,20,6.8,8,0,1,8,0,1,8
2018,2,16,21,6.2,8,0,1,8,0,1,8
2018,2,16,22,6.5,8,0,1,8,0,1,8
2018,2,16,23,6.3,8,0,1,8,0,1,8
2018,2,16,24,5.8,8,0,1,8,0,1,8
2018,2,17,1,5.8,8,0,1,8,0,1,8
2018,2,17,2,5.6,8,0,1,8,0,1,8
2018,2,17,3,5.3,8,0,1,8,0,1,8
2018,2,17,4,5.3,8,0,1,8,0,1,8
2018,2,17,5,5.1,8,0,1,8,0,1,8
2018,2,17,6,5.0,8,0,1,8,0,1,8
2018,2,17,7,3.5,8,0,1,8,0.0,0,8
2018,2,17,8,5.6,8,0,1,8,0.8,0,8
2018,2,17,9,6.7,8,0,1,8,1.0,0,8
2018,2,17,10,8.1,8,0,1,8,0.7,0,8
2018,2,17,11,10.5,8,0,1,8,1.0,0,8
2018,2,17,12,10.6,8,0,1,8,0.9,0,8
2018,2,17,13,10.4,8,0,1,8,0.6,0,8
2018,2,17,14,9.9,8,0.0,0,8,0.0,0,8
2018,2,17,15,8.5,8,0.0,0,8,0.2,0,8
2018,2,17,16,8.2,8,0.0,0,8,1.0,0,8
2018,2,17,17,6.6,8,0,1,8,1.0,0,8
2018,2,17,18,5.2,8,0,1,8,0.1,0,8
2018,2,17,19,4.3,8,0,1,8,0,1,8
2018,2,17,20,3.3,8,0,1,8,0,1,8
2018,2,17,21,2.5,8,0,1,8,0,1,8
2018,2,17,22,1.6,8,0,1,8,0,1,8
2018,2,17,23,1.0,8,0,1,8,0,1,8
2018,2,17,24,0.7,8,0,1,8,0,1,8
2018,2,18,1,0.3,8,0,1,8,0,1,8
2018,2,18,2,0.3,8,0,1,8,0,1,8
2018,2,18,3,0.0,8,0,1,8,0,1,8
2018,2,18,4,-0.4,8,0,1,8,0,1,8
2018,2,18,5,-1.3,8,0,1,8,0,1,8
2018,2,18,6,-0.1,8,0,1,8,0,1,8
2018,2,18,7,0.5,8,0,1,8,0.0,0,8
2018,2,18,8,2.2,8,0,1,8,0.8,0,8
2018,2,18,9,4.4,8,0,1,8,1.0,0,8
2018,2,18,10,5.4,8,0,1,8,1.0,0,8
2018,2,18,11,6.8,8,0,1,8,1.0,0,8
2018,2,18,12,7.9,8,0,1,8,1.0,0,8
2018,2,18,13,8.7,8,0,1,8,1.0,0,8
2018,2,18,14,8.1,8,0,1,8,1.0,0,8
2018,2,18,15,7.8,8,0,1,8,1.0,0,8
2018,2,18,16,6.9,8,0,1,8,1.0,0,8
2018,2,18,17,5.5,8,0,1,8,1.0,0,8
2018,2,18,18,4.4,8,0,1,8,0.1,0,8
2018,2,18,19,3.8,8,0,1,8,0,1,8
2018,2,18,20,3.4,8,0,1,8,0,1,8
2018,2,18,21,2.8,8,0,1,8,0,1,8
2018,2,18,22,2.5,8,0,1,8,0,1,8
2018,2,18,23,2.5,8,0,1,8,0,1,8
2018,2,18,24,2.1,8,0,1,8,0,1,8
2018,2,19,1,2.6,8,0,1,8,0,1,8
2018,2,19,2,2.9,8,0,1,8,0,1,8
2018,2,19,3,2.8,8,0,1,8,0,1,8
2018,2,19,4,2.6,8,0,1,8,0,1,8
2018,2,19,5,2.2,8,0,1,8,0,1,8
2018,2,19,6,1.9,8,0,1,8,0,1,8
2018,2,19,7,1.7,8,0,1,8,0.0,0,8
2018,2,19,8,2.2,8,0,1,8,0.0,0,8
2018,2,19,9,3.4,8,0,1,8,0.6,0,8
2018,2,19,10,5.8,8,0,1,8,0.8,0,8
2018,2,19,11,7.2,8,0,1,8,1.0,0,8
2018,2,19,12,8.6,8,0,1,8,1.0,0,8
2018,2,19,13,9.4,8,0,1,8,1.0,0,8
2018,2,19,14,8.7,8,0,1,8,1.0,0,8
2018,2,19,15,9.2,8,0,1,8,1.0,0,8
2018,2,19,16,8.3,8,0,1,8,0.6,0,8
2018,2,19,17,7.7,8,0,1,8,0.0,0,8
2018,2,19,18,7.3,8,0,1,8,0.0,0,8
2018,2,19,19,7.4,8,0,1,8,0,1,8
2018,2,19,20,7.1,8,0,1,8,0,1,8
2018,2,19,21,7.8,8,0,1,8,0,1,8
2018,2,19,22,7.0,8,0,1,8,0,1,8
2018,2,19,23,6.9,8,0,1,8,0,1,8
2018,2,19,24,6.8,8,0,1,8,0,1,8
2018,2,20,1,6.5,8,0,1,8,0,1,8
2018,2,20,2,5.7,8,0,1,8,0,1,8
2018,2,20,3,4.9,8,0,1,8,0,1,8
2018,2,20,4,4.6,8,0,1,8,0,1,8
2018,2,20,5,4.4,8,0,1,8,0,1,8
2018,2,20,6,3.7,8,0,1,8,0,1,8
2018,2,20,7,3.4,8,0,1,8,0.0,0,8
2018,2,20,8,5.3,8,0,1,8,0.7,0,8
2018,2,20,9,7.0,8,0,1,8,1.0,0,8
2018,2,20,10,8.8,8,0,1,8,1.0,0,8
2018,2,20,11,9.4,8,0,1,8,1.0,0,8
2018,2,20,12,10.8,8,0,1,8,1.0,0,8
2018,2,20,13,11.7,8,0,1,8,1.0,0,8
2018,2,20,14,11.9,8,0,1,8,1.0,0,8
2018,2,20,15,11.0,8,0,1,8,1.0,0,8
2018,2,20,16,10.6,8,0,1,8,1.0,0,8
2018,2,20,17,9.6,8,0,1,8,1.0,0,8
2018,2,20,18,8.7,8,0,1,8,0.0,0,8
2018,2,20,19,8.2,8,0,1,8,0,1,8
2018,2,20,20,7.9,8,0,1,8,0,1,8
2018,2,20,21,7.4,8,0,1,8,0,1,8
2018,2,20,22,6.2,8,0,1,8,0,1,8
2018,2,20,23,6.4,8,0,1,8,0,1,8
2018,2,20,24,6.8,8,0,1,8,0,1,8
2018,2,21,1,5.0,8,0,1,8,0,1,8
2018,2,21,2,5.1,8,0,1,8,0,1,8
2018,2,21,3,5.2,8,0,1,8,0,1,8
2018,2,21,4,5.2,8,0,1,8,0,1,8
2018,2,21,5,4.3,8,0,1,8,0,1,8
2018,2,21,6,3.9,8,0,1,8,0,1,8
2018,2,21,7,3.8,8,0,1,8,0.0,0,8
2018,2,21,8,4.4,8,0,1,8,0.0,0,8
2018,2,21,9,4.6,8,0,1,8,0.0,0,8
2018,2,21,10,5.6,8,0,1,8,0.0,0,8
2018,2,21,11,6.4,8,0,1,8,0.0,0,8
2018,2,21,12,7.6,8,0,1,8,0.1,0,8
2018,2,21,13,7.3,8,0,1,8,0.0,0,8
2018,2,21,14,7.7,8,0,1,8,0.0,0,8
2018,2,21,15,7.9,8,0,1,8,0.0,0,8
2018,2,21,16,7.7,8,0,1,8,0.0,0,8
2018,2,21,17,7.2,8,0,1,8,0.1,0,8
2018,2,21,18,6.7,8,0,1,8,0.0,0,8
2018,2,21,19,6.4,8,0,1,8,0,1,8
2018,2,21,20,6.3,8,0,1,8,0,1,8
2018,2,21,21,5.8,8,0,1,8,0,1,8
2018,2,21,22,5.9,8,0,1,8,0,1,8
2018,2,21,23,5.3,8,0,1,8,0,1,8
2018,2,21,24,5.3,8,0,1,8,0,1,8
2018,2,22,1,5.3,8,0.0,0,8,0,1,8
2018,2,22,2,3.8,8,0.0,0,8,0,1,8
2018,2,22,3,3.2,8,0.0,0,8,0,1,8
2018,2,22,4,3.0,8,0.0,0,8,0,1,8
2018,2,22,5,2.4,8,0.0,0,8,0,1,8
2018,2,22,6,2.0,8,0.5,0,8,0,1,8
2018,2,22,7,1.7,8,0.0,0,8,0.0,0,8
2018,2,22,8,1.7,8,0.0,0,8,0.0,0,8
2018,2,22,9,1.7,8,1.0,0,8,0.0,0,8
2018,2,22,10,1.7,8,0.0,0,8,0.0,0,8
2018,2,22,11,1.9,8,0.0,0,8,0.0,0,8
2018,2,22,12,2.2,8,0.0,0,8,0.0,0,8
2018,2,22,13,2.5,8,0.5,0,8,0.0,0,8
2018,2,22,14,2.9,8,0.0,0,8,0.0,0,8
2018,2,22,15,2.9,8,0.0,0,8,0.0,0,8
2018,2,22,16,2.6,8,0.0,0,8,0.0,0,8
2018,2,22,17,2.6,8,0.0,0,8,0.0,0,8
2018,2,22,18,2.7,8,0.0,0,8,0.0,0,8
2018,2,22,19,2.9,8,0.0,0,8,0,1,8
2018,2,22,20,3.0,8,0.0,0,8,0,1,8
2018,2,22,21,3.0,8,0.0,0,8,0,1,8
2018,2,22,22,2.8,8,0.0,0,8,0,1,8
2018,2,22,23,2.8,8,0.0,0,8,0,1,8
2018,2,22,24,2.3,8,0.0,0,8,0,1,8
2018,2,23,1,2.1,8,0.0,0,8,0,1,8
2018,2,23,2,1.9,8,0.0,0,8,0,1,8
2018,2,23,3,1.9,8,0.0,0,8,0,1,8
2018,2,23,4,1.9,8,0.0,0,8,0,1,8
2018,2,23,5,1.9,8,0.0,0,8,0,1,8
2018,2,23,6,1.9,8,0.5,0,8,0,1,8
2018,2,23,7,1.9,8,0.0,0,8,0.0,0,8
2018,2,23,8,2.0,8,0.0,0,8,0.0,0,8
2018,2,23,9,2.3,8,0.0,0,8,0.0,0,8
2018,2,23,10,2.8,8,0.0,0,8,0.0,0,8
2018,2,23,11,4.5,8,0.0,0,8,0.0,0,8
2018,2,23,12,5.3,8,0,1,8,0.3,0,8
2018,2,23,13,5.7,8,0,1,8,0.0,0,8
2018,2,23,14,6.3,8,0,1,8,0.0,0,8
2018,2,23,15,7.2,8,0,1,8,0.4,0,8
2018,2,23,16,7.4,8,0,1,8,1.0,0,8
2018,2,23,17,5.5,8,0,1,8,0.3,0,8
2018,2,23,18,4.9,8,0,1,8,0.0,0,8
2018,2,23,19,3.9,8,0,1,8,0,1,8
2018,2,23,20,3.6,8,0,1,8,0,1,8
2018,2,23,21,3.6,8,0,1,8,0,1,8
2018,2,23,22,3.0,8,0,1,8,0,1,8
2018,2,23,23,3.7,8,0,1,8,0,1,8
2018,2,23,24,3.0,8,0,1,8,0,1,8
2018,2,24,1,2.3,8,0,1,8,0,1,8
2018,2,24,2,1.6,8,0,1,8,0,1,8
2018,2,24,3,1.1,8,0,1,8,0,1,8
2018,2,24,4,1.2,8,0,1,8,0,1,8
2018,2,24,5,1.4,8,0,1,8,0,1,8
2018,2,24,6,1.0,8,0,1,8,0,1,8
2018,2,24,7,2.0,8,0,1,8,0.1,0,8
2018,2,24,8,4.8,8,0,1,8,0.6,0,8
2018,2,24,9,5.9,8,0,1,8,0.7,0,8
2018,2,24,10,8.5,8,0,1,8,0.8,0,8
2018,2,24,11,9.8,8,0,1,8,1.0,0,8
2018,2,24,12,12.3,8,0,1,8,1.0,0,8
2018,2,24,13,13.3,8,0,1,8,1.0,0,8
2018,2,24,14,14.0,8,0,1,8,1.0,0,8
2018,2,24,15,14.3,8,0,1,8,1.0,0,8
2018,2,24,16,13.5,8,0,1,8,1.0,0,8
2018,2,24,17,11.5,8,0,1,8,0.9,0,8
2018,2,24,18,8.9,8,0,1,8,0.0,0,8
2018,2,24,19,10.9,8,0,1,8,0,1,8
2018,2,24,20,9.3,8,0,1,8,0,1,8
2018,2,24,21,8.1,8,0,1,8,0,1,8
2018,2,24,22,7.5,8,0,1,8,0,1,8
2018,2,24,23,6.8,8,0,1,8,0,1,8
2018,2,24,24,6.5,8,0,1,8,0,1,8
2018,2,25,1,5.7,8,0,1,8,0,1,8
2018,2,25,2,4.8,8,0,1,8,0,1,8
2018,2,25,3,4.4,8,0,1,8,0,1,8
2018,2,25,4,3.1,8,0,1,8,0,1,8
2018,2,25,5,4.4,8,0,1,8,0,1,8
2018,2,25,6,4.1,8,0,1,8,0,1,8
2018,2,25,7,4.4,8,0,1,8,0.0,0,8
2018,2,25,8,5.3,8,0,1,8,0.0,0,8
2018,2,25,9,6.0,8,0,1,8,0.0,0,8
2018,2,25,10,6.0,8,0,1,8,0.0,0,8
2018,2,25,11,7.2,8,0,1,8,0.0,0,8
2018,2,25,12,7.1,8,0,1,8,0.0,0,8
2018,2,25,13,7.4,8,0,1,8,0.0,0,8
2018,2,25,14,7.5,8,0,1,8,0.0,0,8
2018,2,25,15,6.6,8,0,1,8,0.0,0,8
2018,2,25,16,6.7,8,0,1,8,0.0,0,8
2018,2,25,17,6.1,8,0,1,8,0.0,0,8
2018,2,25,18,5.6,8,0.0,0,8,0.0,0,8
2018,2,25,19,5.5,8,0,1,8,0,1,8
2018,2,25,20,5.3,8,0,1,8,0,1,8
2018,2,25,21,5.2,8,0.0,0,8,0,1,8
2018,2,25,22,5.4,8,0.0,0,8,0,1,8
2018,2,25,23,5.3,8,0.0,0,8,0,1,8
2018,2,25,24,4.7,8,0,1,8,0,1,8
2018,2,26,1,4.6,8,0,1,8,0,1,8
2018,2,26,2,4.6,8,0,1,8,0,1,8
2018,2,26,3,4.7,8,0,1,8,0,1,8
2018,2,26,4,4.7,8,0,1,8,0,1,8
2018,2,26,5,4.7,8,0,1,8,0,1,8
2018,2,26,6,4.4,8,0,1,8,0,1,8
2018,2,26,7,4.3,8,0,1,8,0.0,0,8
2018,2,26,8,4.5,8,0,1,8,0.0,0,8
2018,2,26,9,5.4,8,0,1,8,0.0,0,8
2018,2,26,10,6.6,8,0,1,8,0.1,0,8
2018,2,26,11,7.7,8,0,1,8,0.6,0,8
2018,2,26,12,7.6,8,0,1,8,0.6,0,8
2018,2,26,13,9.2,8,0,1,8,0.6,0,8
2018,2,26,14,9.8,8,0,1,8,1.0,0,8
2018,2,26,15,9.6,8,0,1,8,1.0,0,8
2018,2,26,16,8.4,8,0,1,8,1.0,0,8
2018,2,26,17,7.3,8,0,1,8,0.9,0,8
2018,2,26,18,6.4,8,0,1,8,0.0,0,8
2018,2,26,19,5.6,8,0,1,8,0,1,8
2018,2,26,20,5.4,8,0,1,8,0,1,8
2018,2,26,21,4.4,8,0,1,8,0,1,8
2018,2,26,22,4.8,8,0,1,8,0,1,8
2018,2,26,23,4.9,8,0,1,8,0,1,8
2018,2,26,24,5.1,8,0,1,8,0,1,8
2018,2,27,1,5.1,8,0,1,8,0,1,8
2018,2,27,2,4.7,8,0,1,8,0,1,8
2018,2,27,3,4.4,8,0,1,8,0,1,8
2018,2,27,4,4.5,8,0,1,8,0,1,8
2018,2,27,5,4.1,8,0,1,8,0,1,8
2018,2,27,6,4.3,8,0,1,8,0,1,8
2018,2,27,7,4.8,8,0,1,8,0.0,0,8
2018,2,27,8,5.2,8,0,1,8,0.0,0,8
2018,2,27,9,6.5,8,0,1,8,0.7,0,8
2018,2,27,10,7.7,8,0,1,8,1.0,0,8
2018,2,27,11,8.9,8,0,1,8,1.0,0,8
2018,2,27,12,10.5,8,0,1,8,1.0,0,8
2018,2,27,13,10.8,8,0,1,8,1.0,0,8
2018,2,27,14,12.3,8,0,1,8,1.0,0,8
2018,2,27,15,11.1,8,0,1,8,0.7,0,8
2018,2,27,16,11.7,8,0,1,8,0.1,0,8
2018,2,27,17,11.3,8,0,1,8,0.6,0,8
2018,2,27,18,9.6,8,0,1,8,0.1,0,8
2018,2,27,19,8.9,8,0,1,8,0,1,8
2018,2,27,20,8.6,8,0,1,8,0,1,8
2018,2,27,21,8.6,8,0,1,8,0,1,8
2018,2,27,22,8.4,8,0,1,8,0,1,8
2018,2,27,23,7.6,8,0,1,8,0,1,8
2018,2,27,24,6.2,8,0,1,8,0,1,8
2018,2,28,1,5.6,8,0,1,8,0,1,8
2018,2,28,2,4.1,8,0,1,8,0,1,8
2018,2,28,3,3.8,8,0,1,8,0,1,8
2018,2,28,4,3.7,8,0,1,8,0,1,8
2018,2,28,5,4.1,8,0,1,8,0,1,8
2018,2,28,6,4.0,8,0,1,8,0,1,8
2018,2,28,7,6.3,8,0,1,8,0.1,0,8
2018,2,28,8,7.4,8,0,1,8,0.2,0,8
2018,2,28,9,9.6,8,0,1,8,1.0,0,8
2018,2,28,10,11.1,8,0,1,8,1.0,0,8
2018,2,28,11,12.4,8,0,1,8,1.0,0,8
2018,2,28,12,13.3,8,0,1,8,1.0,0,8
2018,2,28,13,14.3,8,0,1,8,0.4,0,8
2018,2,28,14,13.3,8,0,1,8,0.3,0,8
2018,2,28,15,13.6,8,0,1,8,0.5,0,8
2018,2,28,16,12.4,8,0,1,8,0.2,0,8
2018,2,28,17,11.7,8,0,1,8,0.0,0,8
2018,2,28,18,11.0,8,0,1,8,0.0,0,8
2018,2,28,19,10.5,8,0,1,8,0,1,8
2018,2,28,20,9.9,8,0,1,8,0,1,8
2018,2,28,21,9.9,8,0,1,8,0,1,8
2018,2,28,22,9.9,8,0,1,8,0,1,8
2018,2,28,23,7.8,8,1.0,0,8,0,1,8
2018,2,28,24,7.9,8,0.0,0,8,0,1,8
