id,年,月,日,時,気温,降水量,日照時間
0,2018,1,1,1,1.5,0.0,0.0
1,2018,1,1,2,1.0,0.0,0.0
2,2018,1,1,3,1.2,0.0,0.0
3,2018,1,1,4,0.6,0.0,0.0
4,2018,1,1,5,1.9,0.0,0.0
5,2018,1,1,6,1.6,0.0,0.0
6,2018,1,1,7,1.5,0.0,0.0
7,2018,1,1,8,2.7,0.0,0.5
8,2018,1,1,9,5.5,0.0,1.0
9,2018,1,1,10,8.1,0.0,1.0
10,2018,1,1,11,10.8,0.0,1.0
11,2018,1,1,12,12.2,0.0,1.0
12,2018,1,1,13,12.3,0.0,1.0
13,2018,1,1,14,12.4,0.0,1.0
14,2018,1,1,15,11.7,0.0,1.0
15,2018,1,1,16,10.5,0.0,0.6
16,2018,1,1,17,9.3,0.0,0.3
17,2018,1,1,18,8.0,0.0,0.0
18,2018,1,1,19,7.3,0.0,0.0
19,2018,1,1,20,6.7,0.0,0.0
20,2018,1,1,21,6.0,0.0,0.0
21,2018,1,1,22,5.9,0.0,0.0
22,2018,1,1,23,5.3,0.0,0.0
23,2018,1,1,24,3.8,0.0,0.0
24,2018,1,2,1,5.0,0.0,0.0
25,2018,1,2,2,5.6,0.0,0.0
26,2018,1,2,3,5.8,0.0,0.0
27,2018,1,2,4,5.3,0.0,0.0
28,2018,1,2,5,4.0,0.0,0.0
29,2018,1,2,6,1.3,0.0,0.0
30,2018,1,2,7,3.0,0.0,0.0
31,2018,1,2,8,5.6,0.0,0.5
32,2018,1,2,9,7.3,0.0,1.0
33,2018,1,2,10,8.2,0.0,1.0
34,2018,1,2,11,9.1,0.0,1.0
35,2018,1,2,12,10.0,0.0,1.0
36,2018,1,2,13,10.1,0.0,1.0
37,2018,1,2,14,9.9,0.0,1.0
38,2018,1,2,15,9.1,0.0,1.0
39,2018,1,2,16,8.0,0.0,1.0
40,2018,1,2,17,7.6,0.0,0.4
41,2018,1,2,18,4.9,0.0,0.0
42,2018,1,2,19,3.9,0.0,0.0
43,2018,1,2,20,4.1,0.0,0.0
44,2018,1,2,21,4.8,0.0,0.0
45,2018,1,2,22,4.3,0.0,0.0
46,2018,1,2,23,4.7,0.0,0.0
47,2018,1,2,24,4.9,0.0,0.0
48,2018,1,3,1,5.2,0.0,0.0
49,2018,1,3,2,4.9,0.0,0.0
50,2018,1,3,3,4.5,0.0,0.0
51,2018,1,3,4,3.8,0.0,0.0
52,2018,1,3,5,3.7,0.0,0.0
53,2018,1,3,6,2.9,0.0,0.0
54,2018,1,3,7,3.1,0.0,0.0
55,2018,1,3,8,3.0,0.0,0.5
56,2018,1,3,9,4.5,0.0,1.0
57,2018,1,3,10,6.3,0.0,1.0
58,2018,1,3,11,7.7,0.0,1.0
59,2018,1,3,12,7.5,0.0,1.0
60,2018,1,3,13,7.9,0.0,1.0
61,2018,1,3,14,7.6,0.0,1.0
62,2018,1,3,15,7.3,0.0,1.0
63,2018,1,3,16,6.4,0.0,1.0
64,2018,1,3,17,5.4,0.0,0.4
65,2018,1,3,18,4.7,0.0,0.0
66,2018,1,3,19,4.2,0.0,0.0
67,2018,1,3,20,3.6,0.0,0.0
68,2018,1,3,21,3.3,0.0,0.0
69,2018,1,3,22,3.0,0.0,0.0
70,2018,1,3,23,3.7,0.0,0.0
71,2018,1,3,24,3.8,0.0,0.0
72,2018,1,4,1,4.0,0.0,0.0
73,2018,1,4,2,2.5,0.0,0.0
74,2018,1,4,3,1.1,0.0,0.0
75,2018,1,4,4,2.2,0.0,0.0
76,2018,1,4,5,1.5,0.0,0.0
77,2018,1,4,6,0.5,0.0,0.0
78,2018,1,4,7,0.6,0.0,0.0
79,2018,1,4,8,3.4,0.0,0.5
80,2018,1,4,9,5.6,0.0,1.0
81,2018,1,4,10,7.3,0.0,1.0
82,2018,1,4,11,8.4,0.0,1.0
83,2018,1,4,12,8.6,0.0,1.0
84,2018,1,4,13,9.1,0.0,1.0
85,2018,1,4,14,8.7,0.0,1.0
86,2018,1,4,15,8.2,0.0,1.0
87,2018,1,4,16,7.1,0.0,1.0
88,2018,1,4,17,5.9,0.0,0.3
89,2018,1,4,18,5.6,0.0,0.0
90,2018,1,4,19,4.5,0.0,0.0
91,2018,1,4,20,4.2,0.0,0.0
92,2018,1,4,21,4.3,0.0,0.0
93,2018,1,4,22,3.0,0.0,0.0
94,2018,1,4,23,2.5,0.0,0.0
95,2018,1,4,24,2.9,0.0,0.0
96,2018,1,5,1,3.0,0.0,0.0
97,2018,1,5,2,3.6,0.0,0.0
98,2018,1,5,3,2.3,0.0,0.0
99,2018,1,5,4,2.2,0.0,0.0
100,2018,1,5,5,2.3,0.0,0.0
101,2018,1,5,6,2.5,0.0,0.0
102,2018,1,5,7,2.3,0.0,0.0
103,2018,1,5,8,2.8,0.0,0.0
104,2018,1,5,9,3.5,0.0,0.0
105,2018,1,5,10,4.2,0.0,0.0
106,2018,1,5,11,5.2,0.0,0.1
107,2018,1,5,12,5.5,0.0,0.0
108,2018,1,5,13,5.6,0.0,0.0
109,2018,1,5,14,5.5,0.0,0.0
110,2018,1,5,15,5.5,0.0,0.0
111,2018,1,5,16,5.2,0.0,0.0
112,2018,1,5,17,4.9,0.0,0.0
113,2018,1,5,18,4.7,0.0,0.0
114,2018,1,5,19,4.2,0.0,0.0
115,2018,1,5,20,4.5,0.0,0.0
116,2018,1,5,21,3.6,0.0,0.0
117,2018,1,5,22,2.8,0.0,0.0
118,2018,1,5,23,1.7,0.0,0.0
119,2018,1,5,24,0.9,0.0,0.0
120,2018,1,6,1,1.6,0.0,0.0
121,2018,1,6,2,1.7,0.0,0.0
122,2018,1,6,3,0.1,0.0,0.0
123,2018,1,6,4,0.8,0.0,0.0
124,2018,1,6,5,-0.6,0.0,0.0
125,2018,1,6,6,-1.3,0.0,0.0
126,2018,1,6,7,-1.1,0.0,0.0
127,2018,1,6,8,0.2,0.0,0.1
128,2018,1,6,9,4.4,0.0,1.0
129,2018,1,6,10,7.1,0.0,1.0
130,2018,1,6,11,8.2,0.0,1.0
131,2018,1,6,12,8.8,0.0,1.0
132,2018,1,6,13,9.9,0.0,1.0
133,2018,1,6,14,9.9,0.0,1.0
134,2018,1,6,15,9.2,0.0,1.0
135,2018,1,6,16,9.2,0.0,1.0
136,2018,1,6,17,6.4,0.0,0.4
137,2018,1,6,18,5.4,0.0,0.0
138,2018,1,6,19,4.7,0.0,0.0
139,2018,1,6,20,6.6,0.0,0.0
140,2018,1,6,21,6.2,0.0,0.0
141,2018,1,6,22,5.2,0.0,0.0
142,2018,1,6,23,4.6,0.0,0.0
143,2018,1,6,24,4.3,0.0,0.0
144,2018,1,7,1,4.9,0.0,0.0
145,2018,1,7,2,4.6,0.0,0.0
146,2018,1,7,3,3.5,0.0,0.0
147,2018,1,7,4,2.3,0.0,0.0
148,2018,1,7,5,2.0,0.0,0.0
149,2018,1,7,6,2.7,0.0,0.0
150,2018,1,7,7,3.6,0.0,0.0
151,2018,1,7,8,4.1,0.0,0.4
152,2018,1,7,9,6.7,0.0,1.0
153,2018,1,7,10,8.3,0.0,1.0
154,2018,1,7,11,9.7,0.0,1.0
155,2018,1,7,12,10.2,0.0,1.0
156,2018,1,7,13,11.2,0.0,1.0
157,2018,1,7,14,11.1,0.0,1.0
158,2018,1,7,15,10.4,0.0,1.0
159,2018,1,7,16,9.3,0.0,1.0
160,2018,1,7,17,6.5,0.0,0.1
161,2018,1,7,18,6.5,0.0,0.0
162,2018,1,7,19,6.4,0.0,0.0
163,2018,1,7,20,5.7,0.0,0.0
164,2018,1,7,21,6.3,0.0,0.0
165,2018,1,7,22,5.3,0.0,0.0
166,2018,1,7,23,4.6,0.0,0.0
167,2018,1,7,24,4.5,0.0,0.0
168,2018,1,8,1,4.6,0.0,0.0
169,2018,1,8,2,4.7,0.0,0.0
170,2018,1,8,3,4.2,0.0,0.0
171,2018,1,8,4,3.7,0.0,0.0
172,2018,1,8,5,4.2,0.0,0.0
173,2018,1,8,6,3.7,0.0,0.0
174,2018,1,8,7,3.5,0.0,0.0
175,2018,1,8,8,4.2,0.0,0.0
176,2018,1,8,9,5.0,0.0,0.0
177,2018,1,8,10,5.2,0.0,0.0
178,2018,1,8,11,6.0,0.0,0.0
179,2018,1,8,12,8.3,0.0,0.2
180,2018,1,8,13,8.8,0.0,0.2
181,2018,1,8,14,6.2,0.0,0.0
182,2018,1,8,15,7.8,0.0,0.0
183,2018,1,8,16,8.9,0.0,0.0
184,2018,1,8,17,7.3,0.5,0.0
185,2018,1,8,18,7.5,1.0,0.0
186,2018,1,8,19,5.8,0.5,0.0
187,2018,1,8,20,5.1,1.0,0.0
188,2018,1,8,21,4.3,1.5,0.0
189,2018,1,8,22,4.2,1.5,0.0
190,2018,1,8,23,4.1,1.0,0.0
191,2018,1,8,24,3.9,1.0,0.0
192,2018,1,9,1,4.2,0.5,0.0
193,2018,1,9,2,4.4,0.5,0.0
194,2018,1,9,3,4.6,0.0,0.0
195,2018,1,9,4,4.9,0.5,0.0
196,2018,1,9,5,5.1,0.0,0.0
197,2018,1,9,6,5.1,0.0,0.0
198,2018,1,9,7,5.5,0.0,0.0
199,2018,1,9,8,7.6,0.0,0.0
200,2018,1,9,9,9.4,0.0,0.0
201,2018,1,9,10,12.2,0.0,0.3
202,2018,1,9,11,9.0,0.0,0.1
203,2018,1,9,12,11.9,0.0,0.6
204,2018,1,9,13,15.7,0.0,1.0
205,2018,1,9,14,14.5,0.0,1.0
206,2018,1,9,15,13.8,0.0,1.0
207,2018,1,9,16,12.9,0.0,1.0
208,2018,1,9,17,11.5,0.0,0.6
209,2018,1,9,18,10.1,0.0,0.0
210,2018,1,9,19,9.6,0.0,0.0
211,2018,1,9,20,8.5,0.0,0.0
212,2018,1,9,21,8.7,0.0,0.0
213,2018,1,9,22,6.1,0.0,0.0
214,2018,1,9,23,3.6,0.0,0.0
215,2018,1,9,24,5.1,0.0,0.0
216,2018,1,10,1,6.4,0.0,0.0
217,2018,1,10,2,5.4,0.0,0.0
218,2018,1,10,3,5.3,0.0,0.0
219,2018,1,10,4,5.2,0.0,0.0
220,2018,1,10,5,4.9,0.0,0.0
221,2018,1,10,6,4.2,0.0,0.0
222,2018,1,10,7,3.8,0.0,0.0
223,2018,1,10,8,5.1,0.0,0.4
224,2018,1,10,9,7.1,0.0,1.0
225,2018,1,10,10,8.7,0.0,1.0
226,2018,1,10,11,10.3,0.0,1.0
227,2018,1,10,12,10.7,0.0,1.0
228,2018,1,10,13,10.8,0.0,1.0
229,2018,1,10,14,10.2,0.0,1.0
230,2018,1,10,15,9.7,0.0,1.0
231,2018,1,10,16,9.3,0.0,1.0
232,2018,1,10,17,8.5,0.0,0.6
233,2018,1,10,18,8.3,0.0,0.0
234,2018,1,10,19,8.2,0.0,0.0
235,2018,1,10,20,8.0,0.0,0.0
236,2018,1,10,21,7.7,0.0,0.0
237,2018,1,10,22,6.9,0.0,0.0
238,2018,1,10,23,7.5,0.0,0.0
239,2018,1,10,24,7.4,0.0,0.0
240,2018,1,11,1,5.2,0.0,0.0
241,2018,1,11,2,4.7,0.0,0.0
242,2018,1,11,3,4.4,0.0,0.0
243,2018,1,11,4,3.9,0.0,0.0
244,2018,1,11,5,3.0,0.0,0.0
245,2018,1,11,6,2.9,0.0,0.0
246,2018,1,11,7,1.8,0.0,0.0
247,2018,1,11,8,3.6,0.0,0.5
248,2018,1,11,9,5.5,0.0,1.0
249,2018,1,11,10,7.4,0.0,1.0
250,2018,1,11,11,8.6,0.0,1.0
251,2018,1,11,12,8.6,0.0,1.0
252,2018,1,11,13,10.0,0.0,1.0
253,2018,1,11,14,9.7,0.0,1.0
254,2018,1,11,15,8.6,0.0,1.0
255,2018,1,11,16,8.7,0.0,1.0
256,2018,1,11,17,6.8,0.0,0.6
257,2018,1,11,18,6.0,0.0,0.0
258,2018,1,11,19,4.9,0.0,0.0
259,2018,1,11,20,3.4,0.0,0.0
260,2018,1,11,21,2.8,0.0,0.0
261,2018,1,11,22,2.4,0.0,0.0
262,2018,1,11,23,2.3,0.0,0.0
263,2018,1,11,24,0.8,0.0,0.0
264,2018,1,12,1,-0.3,0.0,0.0
265,2018,1,12,2,1.2,0.0,0.0
266,2018,1,12,3,0.6,0.0,0.0
267,2018,1,12,4,-0.2,0.0,0.0
268,2018,1,12,5,0.4,0.0,0.0
269,2018,1,12,6,0.0,0.0,0.0
270,2018,1,12,7,-0.7,0.0,0.0
271,2018,1,12,8,0.3,0.0,0.4
272,2018,1,12,9,2.7,0.0,1.0
273,2018,1,12,10,3.9,0.0,1.0
274,2018,1,12,11,5.0,0.0,1.0
275,2018,1,12,12,5.5,0.0,1.0
276,2018,1,12,13,6.2,0.0,1.0
277,2018,1,12,14,6.6,0.0,1.0
278,2018,1,12,15,5.8,0.0,1.0
279,2018,1,12,16,5.2,0.0,1.0
280,2018,1,12,17,3.6,0.0,0.3
281,2018,1,12,18,2.5,0.0,0.0
282,2018,1,12,19,2.4,0.0,0.0
283,2018,1,12,20,3.9,0.0,0.0
284,2018,1,12,21,3.5,0.0,0.0
285,2018,1,12,22,2.4,0.0,0.0
286,2018,1,12,23,1.8,0.0,0.0
287,2018,1,12,24,1.3,0.0,0.0
288,2018,1,13,1,0.5,0.0,0.0
289,2018,1,13,2,0.3,0.0,0.0
290,2018,1,13,3,0.5,0.0,0.0
291,2018,1,13,4,0.0,0.0,0.0
292,2018,1,13,5,-0.3,0.0,0.0
293,2018,1,13,6,-0.3,0.0,0.0
294,2018,1,13,7,-0.5,0.0,0.0
295,2018,1,13,8,-0.2,0.0,0.5
296,2018,1,13,9,1.5,0.0,1.0
297,2018,1,13,10,3.2,0.0,1.0
298,2018,1,13,11,4.7,0.0,1.0
299,2018,1,13,12,5.6,0.0,1.0
300,2018,1,13,13,6.7,0.0,1.0
301,2018,1,13,14,6.6,0.0,1.0
302,2018,1,13,15,6.0,0.0,1.0
303,2018,1,13,16,5.5,0.0,1.0
304,2018,1,13,17,3.5,0.0,0.6
305,2018,1,13,18,2.5,0.0,0.0
306,2018,1,13,19,2.6,0.0,0.0
307,2018,1,13,20,2.8,0.0,0.0
308,2018,1,13,21,3.7,0.0,0.0
309,2018,1,13,22,3.5,0.0,0.0
310,2018,1,13,23,2.8,0.0,0.0
311,2018,1,13,24,2.5,0.0,0.0
312,2018,1,14,1,2.3,0.0,0.0
313,2018,1,14,2,2.6,0.0,0.0
314,2018,1,14,3,2.1,0.0,0.0
315,2018,1,14,4,2.5,0.0,0.0
316,2018,1,14,5,2.4,0.0,0.0
317,2018,1,14,6,1.0,0.0,0.0
318,2018,1,14,7,2.0,0.0,0.0
319,2018,1,14,8,2.9,0.0,0.6
320,2018,1,14,9,4.4,0.0,1.0
321,2018,1,14,10,5.6,0.0,1.0
322,2018,1,14,11,6.9,0.0,1.0
323,2018,1,14,12,7.2,0.0,1.0
324,2018,1,14,13,7.5,0.0,1.0
325,2018,1,14,14,7.7,0.0,1.0
326,2018,1,14,15,6.8,0.0,1.0
327,2018,1,14,16,6.3,0.0,1.0
328,2018,1,14,17,4.4,0.0,0.7
329,2018,1,14,18,4.3,0.0,0.0
330,2018,1,14,19,5.1,0.0,0.0
331,2018,1,14,20,4.7,0.0,0.0
332,2018,1,14,21,2.7,0.0,0.0
333,2018,1,14,22,2.5,0.0,0.0
334,2018,1,14,23,2.0,0.0,0.0
335,2018,1,14,24,2.1,0.0,0.0
336,2018,1,15,1,1.7,0.0,0.0
337,2018,1,15,2,1.9,0.0,0.0
338,2018,1,15,3,1.0,0.0,0.0
339,2018,1,15,4,0.4,0.0,0.0
340,2018,1,15,5,-0.3,0.0,0.0
341,2018,1,15,6,0.0,0.0,0.0
342,2018,1,15,7,-0.1,0.0,0.0
343,2018,1,15,8,0.7,0.0,0.4
344,2018,1,15,9,2.6,0.0,1.0
345,2018,1,15,10,4.9,0.0,1.0
346,2018,1,15,11,5.5,0.0,1.0
347,2018,1,15,12,7.4,0.0,0.9
348,2018,1,15,13,8.8,0.0,0.9
349,2018,1,15,14,11.8,0.0,0.8
350,2018,1,15,15,11.7,0.0,1.0
351,2018,1,15,16,8.1,0.0,1.0
352,2018,1,15,17,6.4,0.0,0.6
353,2018,1,15,18,6.3,0.0,0.0
354,2018,1,15,19,4.3,0.0,0.0
355,2018,1,15,20,4.6,0.0,0.0
356,2018,1,15,21,3.9,0.0,0.0
357,2018,1,15,22,3.5,0.0,0.0
358,2018,1,15,23,3.3,0.0,0.0
359,2018,1,15,24,2.5,0.0,0.0
360,2018,1,16,1,2.4,0.0,0.0
361,2018,1,16,2,2.4,0.0,0.0
362,2018,1,16,3,2.8,0.0,0.0
363,2018,1,16,4,2.3,0.0,0.0
364,2018,1,16,5,2.0,0.0,0.0
365,2018,1,16,6,4.7,0.0,0.0
366,2018,1,16,7,1.9,0.0,0.0
367,2018,1,16,8,3.7,0.0,0.5
368,2018,1,16,9,6.8,0.0,1.0
369,2018,1,16,10,9.4,0.0,1.0
370,2018,1,16,11,11.6,0.0,1.0
371,2018,1,16,12,11.7,0.0,1.0
372,2018,1,16,13,13.0,0.0,1.0
373,2018,1,16,14,13.5,0.0,1.0
374,2018,1,16,15,13.2,0.0,1.0
375,2018,1,16,16,12.3,0.0,1.0
376,2018,1,16,17,8.8,0.0,0.4
377,2018,1,16,18,8.7,0.0,0.0
378,2018,1,16,19,7.5,0.0,0.0
379,2018,1,16,20,7.1,0.0,0.0
380,2018,1,16,21,7.6,0.0,0.0
381,2018,1,16,22,7.5,0.0,0.0
382,2018,1,16,23,6.1,0.0,0.0
383,2018,1,16,24,4.4,0.0,0.0
384,2018,1,17,1,4.8,0.0,0.0
385,2018,1,17,2,4.8,0.0,0.0
386,2018,1,17,3,5.9,0.0,0.0
387,2018,1,17,4,5.5,0.0,0.0
388,2018,1,17,5,6.1,0.0,0.0
389,2018,1,17,6,6.4,0.0,0.0
390,2018,1,17,7,6.4,0.0,0.0
391,2018,1,17,8,6.7,0.0,0.0
392,2018,1,17,9,7.3,0.0,0.0
393,2018,1,17,10,6.9,0.0,0.0
394,2018,1,17,11,7.3,0.0,0.0
395,2018,1,17,12,7.6,0.0,0.0
396,2018,1,17,13,8.3,0.0,0.0
397,2018,1,17,14,8.9,0.0,0.0
398,2018,1,17,15,8.0,0.0,0.0
399,2018,1,17,16,7.4,0.5,0.0
400,2018,1,17,17,7.2,3.5,0.0
401,2018,1,17,18,8.0,3.0,0.0
402,2018,1,17,19,7.4,6.5,0.0
403,2018,1,17,20,7.2,1.0,0.0
404,2018,1,17,21,7.2,0.5,0.0
405,2018,1,17,22,7.0,0.0,0.0
406,2018,1,17,23,6.6,0.0,0.0
407,2018,1,17,24,6.7,0.0,0.0
408,2018,1,18,1,6.5,0.0,0.0
409,2018,1,18,2,6.1,0.0,0.0
410,2018,1,18,3,5.3,0.0,0.0
411,2018,1,18,4,4.2,0.0,0.0
412,2018,1,18,5,3.9,0.0,0.0
413,2018,1,18,6,3.3,0.0,0.0
414,2018,1,18,7,3.2,0.0,0.0
415,2018,1,18,8,4.9,0.0,0.6
416,2018,1,18,9,8.0,0.0,1.0
417,2018,1,18,10,10.0,0.0,1.0
418,2018,1,18,11,12.0,0.0,1.0
419,2018,1,18,12,13.4,0.0,1.0
420,2018,1,18,13,13.3,0.0,0.9
421,2018,1,18,14,12.5,0.0,0.2
422,2018,1,18,15,11.7,0.0,0.0
423,2018,1,18,16,12.2,0.0,0.0
424,2018,1,18,17,10.7,0.0,0.0
425,2018,1,18,18,8.8,0.0,0.0
426,2018,1,18,19,10.2,0.0,0.0
427,2018,1,18,20,8.3,0.0,0.0
428,2018,1,18,21,7.7,0.0,0.0
429,2018,1,18,22,8.5,0.0,0.0
430,2018,1,18,23,7.0,0.0,0.0
431,2018,1,18,24,7.2,0.0,0.0
432,2018,1,19,1,6.7,0.0,0.0
433,2018,1,19,2,6.8,0.0,0.0
434,2018,1,19,3,7.8,0.0,0.0
435,2018,1,19,4,8.1,0.0,0.0
436,2018,1,19,5,7.2,0.0,0.0
437,2018,1,19,6,6.6,0.0,0.0
438,2018,1,19,7,6.8,0.0,0.0
439,2018,1,19,8,6.7,0.0,0.5
440,2018,1,19,9,8.8,0.0,1.0
441,2018,1,19,10,9.2,0.0,0.9
442,2018,1,19,11,10.2,0.0,0.8
443,2018,1,19,12,10.3,0.0,0.5
444,2018,1,19,13,10.5,0.0,0.0
445,2018,1,19,14,10.2,0.0,0.0
446,2018,1,19,15,10.2,0.0,0.1
447,2018,1,19,16,9.7,0.0,0.1
448,2018,1,19,17,9.0,0.0,0.0
449,2018,1,19,18,9.7,0.0,0.0
450,2018,1,19,19,8.6,0.0,0.0
451,2018,1,19,20,8.3,0.0,0.0
452,2018,1,19,21,7.9,0.0,0.0
453,2018,1,19,22,7.7,0.0,0.0
454,2018,1,19,23,7.5,0.0,0.0
455,2018,1,19,24,7.0,0.0,0.0
456,2018,1,20,1,6.4,0.0,0.0
457,2018,1,20,2,6.1,0.0,0.0
458,2018,1,20,3,5.8,0.0,0.0
459,2018,1,20,4,5.6,0.0,0.0
460,2018,1,20,5,5.5,0.0,0.0
461,2018,1,20,6,5.4,0.0,0.0
462,2018,1,20,7,5.2,0.0,0.0
463,2018,1,20,8,5.4,0.0,0.0
464,2018,1,20,9,5.9,0.0,0.0
465,2018,1,20,10,6.7,0.0,0.1
466,2018,1,20,11,7.5,0.0,0.2
467,2018,1,20,12,8.3,0.0,0.0
468,2018,1,20,13,8.3,0.0,0.0
469,2018,1,20,14,9.1,0.0,0.4
470,2018,1,20,15,9.1,0.0,0.4
471,2018,1,20,16,8.7,0.0,1.0
472,2018,1,20,17,6.5,0.0,0.3
473,2018,1,20,18,5.4,0.0,0.0
474,2018,1,20,19,5.0,0.0,0.0
475,2018,1,20,20,4.9,0.0,0.0
476,2018,1,20,21,4.8,0.0,0.0
477,2018,1,20,22,5.2,0.0,0.0
478,2018,1,20,23,5.0,0.0,0.0
479,2018,1,20,24,4.4,0.0,0.0
480,2018,1,21,1,3.7,0.0,0.0
481,2018,1,21,2,4.7,0.0,0.0
482,2018,1,21,3,5.5,0.0,0.0
483,2018,1,21,4,5.1,0.0,0.0
484,2018,1,21,5,3.5,0.0,0.0
485,2018,1,21,6,3.0,0.0,0.0
486,2018,1,21,7,3.6,0.0,0.0
487,2018,1,21,8,4.3,0.0,0.7
488,2018,1,21,9,6.5,0.0,1.0
489,2018,1,21,10,8.1,0.0,1.0
490,2018,1,21,11,9.9,0.0,1.0
491,2018,1,21,12,10.8,0.0,1.0
492,2018,1,21,13,11.7,0.0,1.0
493,2018,1,21,14,11.5,0.0,1.0
494,2018,1,21,15,10.9,0.0,1.0
495,2018,1,21,16,10.1,0.0,1.0
496,2018,1,21,17,8.4,0.0,0.5
497,2018,1,21,18,7.0,0.0,0.0
498,2018,1,21,19,6.5,0.0,0.0
499,2018,1,21,20,7.4,0.0,0.0
500,2018,1,21,21,7.6,0.0,0.0
501,2018,1,21,22,6.5,0.0,0.0
502,2018,1,21,23,5.5,0.0,0.0
503,2018,1,21,24,5.0,0.0,0.0
504,2018,1,22,1,4.6,0.0,0.0
505,2018,1,22,2,4.6,0.0,0.0
506,2018,1,22,3,4.4,0.0,0.0
507,2018,1,22,4,3.0,0.0,0.0
508,2018,1,22,5,2.9,0.0,0.0
509,2018,1,22,6,4.3,0.0,0.0
510,2018,1,22,7,4.1,0.0,0.0
511,2018,1,22,8,4.1,0.0,0.0
512,2018,1,22,9,3.1,0.0,0.0
513,2018,1,22,10,2.4,0.0,0.0
514,2018,1,22,11,1.5,0.5,0.0
515,2018,1,22,12,1.0,0.0,0.0
516,2018,1,22,13,1.1,0.0,0.0
517,2018,1,22,14,0.3,1.5,0.0
518,2018,1,22,15,0.3,1.5,0.0
519,2018,1,22,16,0.1,2.0,0.0
520,2018,1,22,17,0.0,2.5,0.0
521,2018,1,22,18,-0.2,4.0,0.0
522,2018,1,22,19,-0.5,3.0,0.0
523,2018,1,22,20,-0.3,2.0,0.0
524,2018,1,22,21,0.0,3.5,0.0
525,2018,1,22,22,0.2,2.0,0.0
526,2018,1,22,23,0.3,1.0,0.0
527,2018,1,22,24,0.5,0.5,0.0
528,2018,1,23,1,0.5,0.0,0.0
529,2018,1,23,2,0.5,0.0,0.0
530,2018,1,23,3,0.2,0.0,0.0
531,2018,1,23,4,0.1,0.0,0.0
532,2018,1,23,5,-0.4,0.0,0.0
533,2018,1,23,6,-0.2,0.0,0.0
534,2018,1,23,7,-0.5,0.0,0.0
535,2018,1,23,8,0.1,0.0,0.7
536,2018,1,23,9,2.4,0.0,1.0
537,2018,1,23,10,4.9,0.0,1.0
538,2018,1,23,11,7.1,0.0,1.0
539,2018,1,23,12,8.3,0.0,1.0
540,2018,1,23,13,9.2,0.0,1.0
541,2018,1,23,14,9.5,0.0,1.0
542,2018,1,23,15,8.7,0.0,1.0
543,2018,1,23,16,6.1,0.0,1.0
544,2018,1,23,17,6.4,0.0,0.5
545,2018,1,23,18,6.0,0.0,0.0
546,2018,1,23,19,6.1,0.0,0.0
547,2018,1,23,20,5.2,0.0,0.0
548,2018,1,23,21,3.6,0.0,0.0
549,2018,1,23,22,2.5,0.0,0.0
550,2018,1,23,23,0.9,0.0,0.0
551,2018,1,23,24,0.7,0.0,0.0
552,2018,1,24,1,1.0,0.0,0.0
553,2018,1,24,2,0.6,0.0,0.0
554,2018,1,24,3,-0.2,0.0,0.0
555,2018,1,24,4,0.2,0.0,0.0
556,2018,1,24,5,0.6,0.0,0.0
557,2018,1,24,6,0.4,0.0,0.0
558,2018,1,24,7,-0.1,0.0,0.0
559,2018,1,24,8,1.7,0.0,0.6
560,2018,1,24,9,3.9,0.0,1.0
561,2018,1,24,10,5.2,0.0,1.0
562,2018,1,24,11,6.0,0.0,1.0
563,2018,1,24,12,6.5,0.0,1.0
564,2018,1,24,13,6.4,0.0,0.8
565,2018,1,24,14,6.7,0.0,0.8
566,2018,1,24,15,5.7,0.0,0.9
567,2018,1,24,16,4.7,0.0,0.9
568,2018,1,24,17,3.2,0.0,0.0
569,2018,1,24,18,2.1,0.0,0.0
570,2018,1,24,19,1.1,0.0,0.0
571,2018,1,24,20,0.6,0.0,0.0
572,2018,1,24,21,0.0,0.0,0.0
573,2018,1,24,22,-0.7,0.0,0.0
574,2018,1,24,23,-1.3,0.0,0.0
575,2018,1,24,24,-1.5,0.0,0.0
576,2018,1,25,1,-2.0,0.0,0.0
577,2018,1,25,2,-2.3,0.0,0.0
578,2018,1,25,3,-2.2,0.0,0.0
579,2018,1,25,4,-2.8,0.0,0.0
580,2018,1,25,5,-3.0,0.0,0.0
581,2018,1,25,6,-3.6,0.0,0.0
582,2018,1,25,7,-3.5,0.0,0.0
583,2018,1,25,8,-1.9,0.0,0.8
584,2018,1,25,9,0.2,0.0,1.0
585,2018,1,25,10,1.4,0.0,1.0
586,2018,1,25,11,2.3,0.0,1.0
587,2018,1,25,12,3.5,0.0,1.0
588,2018,1,25,13,3.4,0.0,1.0
589,2018,1,25,14,3.5,0.0,1.0
590,2018,1,25,15,2.9,0.0,1.0
591,2018,1,25,16,2.4,0.0,1.0
592,2018,1,25,17,1.8,0.0,0.8
593,2018,1,25,18,1.2,0.0,0.0
594,2018,1,25,19,0.3,0.0,0.0
595,2018,1,25,20,0.0,0.0,0.0
596,2018,1,25,21,-0.1,0.0,0.0
597,2018,1,25,22,-1.1,0.0,0.0
598,2018,1,25,23,-0.8,0.0,0.0
599,2018,1,25,24,-0.6,0.0,0.0
600,2018,1,26,1,-1.8,0.0,0.0
601,2018,1,26,2,-1.6,0.0,0.0
602,2018,1,26,3,-1.3,0.0,0.0
603,2018,1,26,4,-1.9,0.0,0.0
604,2018,1,26,5,-2.4,0.0,0.0
605,2018,1,26,6,-2.6,0.0,0.0
606,2018,1,26,7,-2.1,0.0,0.0
607,2018,1,26,8,-0.7,0.0,0.7
608,2018,1,26,9,1.4,0.0,1.0
609,2018,1,26,10,3.1,0.0,1.0
610,2018,1,26,11,4.0,0.0,1.0
611,2018,1,26,12,4.5,0.0,1.0
612,2018,1,26,13,3.5,0.0,0.9
613,2018,1,26,14,3.6,0.0,0.6
614,2018,1,26,15,3.3,0.0,1.0
615,2018,1,26,16,2.7,0.0,0.6
616,2018,1,26,17,1.5,0.0,0.5
617,2018,1,26,18,1.0,0.0,0.0
618,2018,1,26,19,0.3,0.0,0.0
619,2018,1,26,20,-0.1,0.0,0.0
620,2018,1,26,21,-0.3,0.0,0.0
621,2018,1,26,22,-0.2,0.0,0.0
622,2018,1,26,23,-0.5,0.0,0.0
623,2018,1,26,24,-0.8,0.0,0.0
624,2018,1,27,1,-1.1,0.0,0.0
625,2018,1,27,2,-1.0,0.0,0.0
626,2018,1,27,3,-1.2,0.0,0.0
627,2018,1,27,4,-1.5,0.0,0.0
628,2018,1,27,5,-0.5,0.0,0.0
629,2018,1,27,6,-0.3,0.0,0.0
630,2018,1,27,7,0.5,0.0,0.0
631,2018,1,27,8,1.6,0.0,0.7
632,2018,1,27,9,3.0,0.0,1.0
633,2018,1,27,10,4.6,0.0,1.0
634,2018,1,27,11,5.5,0.0,1.0
635,2018,1,27,12,6.1,0.0,1.0
636,2018,1,27,13,6.4,0.0,1.0
637,2018,1,27,14,6.5,0.0,1.0
638,2018,1,27,15,6.3,0.0,1.0
639,2018,1,27,16,5.5,0.0,1.0
640,2018,1,27,17,4.6,0.0,0.8
641,2018,1,27,18,3.7,0.0,0.0
642,2018,1,27,19,2.6,0.0,0.0
643,2018,1,27,20,2.6,0.0,0.0
644,2018,1,27,21,2.3,0.0,0.0
645,2018,1,27,22,2.3,0.0,0.0
646,2018,1,27,23,1.6,0.0,0.0
647,2018,1,27,24,2.0,0.0,0.0
648,2018,1,28,1,1.8,0.0,0.0
649,2018,1,28,2,0.6,0.0,0.0
650,2018,1,28,3,1.0,0.0,0.0
651,2018,1,28,4,0.8,0.0,0.0
652,2018,1,28,5,0.9,0.0,0.0
653,2018,1,28,6,0.0,0.0,0.0
654,2018,1,28,7,-0.6,0.0,0.0
655,2018,1,28,8,0.7,0.0,0.4
656,2018,1,28,9,1.8,0.0,0.3
657,2018,1,28,10,2.1,0.0,0.0
658,2018,1,28,11,2.3,0.0,0.0
659,2018,1,28,12,3.1,0.0,0.0
660,2018,1,28,13,3.5,0.0,0.0
661,2018,1,28,14,4.0,0.0,0.0
662,2018,1,28,15,4.4,0.0,0.0
663,2018,1,28,16,4.8,0.0,0.5
664,2018,1,28,17,3.0,0.0,0.7
665,2018,1,28,18,1.6,0.0,0.0
666,2018,1,28,19,0.8,0.0,0.0
667,2018,1,28,20,0.4,0.0,0.0
668,2018,1,28,21,1.0,0.0,0.0
669,2018,1,28,22,0.7,0.0,0.0
670,2018,1,28,23,0.9,0.0,0.0
671,2018,1,28,24,0.0,0.0,0.0
672,2018,1,29,1,-0.4,0.0,0.0
673,2018,1,29,2,-0.9,0.0,0.0
674,2018,1,29,3,-0.5,0.0,0.0
675,2018,1,29,4,-0.5,0.0,0.0
676,2018,1,29,5,-0.8,0.0,0.0
677,2018,1,29,6,-1.3,0.0,0.0
678,2018,1,29,7,-1.8,0.0,0.0
679,2018,1,29,8,0.8,0.0,0.7
680,2018,1,29,9,3.4,0.0,1.0
681,2018,1,29,10,5.2,0.0,1.0
682,2018,1,29,11,6.9,0.0,1.0
683,2018,1,29,12,7.8,0.0,1.0
684,2018,1,29,13,9.2,0.0,1.0
685,2018,1,29,14,8.9,0.0,0.3
686,2018,1,29,15,9.0,0.0,0.4
687,2018,1,29,16,7.4,0.0,0.0
688,2018,1,29,17,6.6,0.0,0.0
689,2018,1,29,18,5.7,0.0,0.0
690,2018,1,29,19,5.0,0.0,0.0
691,2018,1,29,20,5.4,0.0,0.0
692,2018,1,29,21,5.5,0.0,0.0
693,2018,1,29,22,4.1,0.0,0.0
694,2018,1,29,23,2.8,0.0,0.0
695,2018,1,29,24,2.3,0.0,0.0
696,2018,1,30,1,1.4,0.0,0.0
697,2018,1,30,2,1.4,0.0,0.0
698,2018,1,30,3,1.6,0.0,0.0
699,2018,1,30,4,1.6,0.0,0.0
700,2018,1,30,5,2.0,0.0,0.0
701,2018,1,30,6,1.7,0.0,0.0
702,2018,1,30,7,1.1,0.0,0.0
703,2018,1,30,8,2.2,0.0,0.2
704,2018,1,30,9,3.1,0.0,0.8
705,2018,1,30,10,3.3,0.0,0.3
706,2018,1,30,11,3.6,0.0,0.3
707,2018,1,30,12,5.4,0.0,0.6
708,2018,1,30,13,5.9,0.0,0.6
709,2018,1,30,14,5.8,0.0,0.5
710,2018,1,30,15,5.7,0.0,0.2
711,2018,1,30,16,5.2,0.0,0.2
712,2018,1,30,17,4.7,0.0,0.0
713,2018,1,30,18,4.5,0.0,0.0
714,2018,1,30,19,4.2,0.0,0.0
715,2018,1,30,20,2.7,0.0,0.0
716,2018,1,30,21,2.7,0.0,0.0
717,2018,1,30,22,2.5,0.0,0.0
718,2018,1,30,23,3.4,0.0,0.0
719,2018,1,30,24,2.8,0.0,0.0
720,2018,1,31,1,1.7,0.0,0.0
721,2018,1,31,2,1.4,0.0,0.0
722,2018,1,31,3,0.0,0.0,0.0
723,2018,1,31,4,0.3,0.0,0.0
724,2018,1,31,5,-0.8,0.0,0.0
725,2018,1,31,6,-0.5,0.0,0.0
726,2018,1,31,7,-0.9,0.0,0.0
727,2018,1,31,8,0.5,0.0,0.4
728,2018,1,31,9,2.8,0.0,1.0
729,2018,1,31,10,4.6,0.0,1.0
730,2018,1,31,11,6.2,0.0,1.0
731,2018,1,31,12,7.7,0.0,1.0
732,2018,1,31,13,8.2,0.0,1.0
733,2018,1,31,14,8.6,0.0,1.0
734,2018,1,31,15,8.4,0.0,1.0
735,2018,1,31,16,8.1,0.0,0.1
736,2018,1,31,17,6.6,0.0,0.0
737,2018,1,31,18,5.5,0.0,0.0
738,2018,1,31,19,5.2,0.0,0.0
739,2018,1,31,20,4.8,0.0,0.0
740,2018,1,31,21,4.1,0.0,0.0
741,2018,1,31,22,4.4,0.0,0.0
742,2018,1,31,23,4.4,0.0,0.0
743,2018,1,31,24,3.4,0.0,0.0
744,2018,2,1,1,4.2,0.0,0.0
745,2018,2,1,2,3.9,0.0,0.0
746,2018,2,1,3,3.1,0.0,0.0
747,2018,2,1,4,3.2,0.0,0.0
748,2018,2,1,5,2.7,0.0,0.0
749,2018,2,1,6,2.1,0.0,0.0
750,2018,2,1,7,2.2,0.0,0.0
751,2018,2,1,8,3.0,0.0,0.1
752,2018,2,1,9,4.2,0.0,0.6
753,2018,2,1,10,5.5,0.0,0.8
754,2018,2,1,11,5.7,0.0,0.4
755,2018,2,1,12,5.4,0.0,0.0
756,2018,2,1,13,4.1,0.0,0.0
757,2018,2,1,14,3.5,1.0,0.0
758,2018,2,1,15,3.4,0.0,0.0
759,2018,2,1,16,3.3,0.5,0.0
760,2018,2,1,17,3.0,0.5,0.0
761,2018,2,1,18,2.7,0.5,0.0
762,2018,2,1,19,2.3,1.0,0.0
763,2018,2,1,20,1.9,0.5,0.0
764,2018,2,1,21,1.4,1.5,0.0
765,2018,2,1,22,0.8,1.0,0.0
766,2018,2,1,23,0.8,1.5,0.0
767,2018,2,1,24,0.7,1.0,0.0
768,2018,2,2,1,0.8,0.5,0.0
769,2018,2,2,2,0.7,1.0,0.0
770,2018,2,2,3,0.6,1.0,0.0
771,2018,2,2,4,0.6,0.5,0.0
772,2018,2,2,5,0.6,0.5,0.0
773,2018,2,2,6,0.6,0.0,0.0
774,2018,2,2,7,0.6,0.5,0.0
775,2018,2,2,8,0.9,0.0,0.0
776,2018,2,2,9,1.0,0.5,0.0
777,2018,2,2,10,1.1,1.0,0.0
778,2018,2,2,11,1.5,0.0,0.0
779,2018,2,2,12,1.6,0.0,0.0
780,2018,2,2,13,2.2,0.5,0.0
781,2018,2,2,14,2.7,0.0,0.0
782,2018,2,2,15,3.0,0.0,0.0
783,2018,2,2,16,3.3,0.0,0.0
784,2018,2,2,17,2.8,0.0,0.0
785,2018,2,2,18,3.0,0.0,0.0
786,2018,2,2,19,2.7,0.0,0.0
787,2018,2,2,20,2.9,0.0,0.0
788,2018,2,2,21,3.1,0.0,0.0
789,2018,2,2,22,3.1,0.0,0.0
790,2018,2,2,23,3.2,0.0,0.0
791,2018,2,2,24,2.8,0.0,0.0
792,2018,2,3,1,2.6,0.0,0.0
793,2018,2,3,2,2.0,0.0,0.0
794,2018,2,3,3,2.7,0.0,0.0
795,2018,2,3,4,2.3,0.0,0.0
796,2018,2,3,5,2.3,0.0,0.0
797,2018,2,3,6,1.9,0.0,0.0
798,2018,2,3,7,2.2,0.0,0.0
799,2018,2,3,8,2.7,0.0,0.0
800,2018,2,3,9,4.1,0.0,0.8
801,2018,2,3,10,5.3,0.0,1.0
802,2018,2,3,11,6.4,0.0,0.8
803,2018,2,3,12,6.9,0.0,0.6
804,2018,2,3,13,6.8,0.0,0.0
805,2018,2,3,14,6.7,0.0,0.0
806,2018,2,3,15,7.0,0.0,0.0
807,2018,2,3,16,6.6,0.0,0.3
808,2018,2,3,17,5.2,0.0,0.7
809,2018,2,3,18,4.0,0.0,0.0
810,2018,2,3,19,4.6,0.0,0.0
811,2018,2,3,20,5.5,0.0,0.0
812,2018,2,3,21,5.6,0.0,0.0
813,2018,2,3,22,5.4,0.0,0.0
814,2018,2,3,23,5.1,0.0,0.0
815,2018,2,3,24,4.4,0.0,0.0
816,2018,2,4,1,4.3,0.0,0.0
817,2018,2,4,2,3.5,0.0,0.0
818,2018,2,4,3,3.3,0.0,0.0
819,2018,2,4,4,2.5,0.0,0.0
820,2018,2,4,5,3.5,0.0,0.0
821,2018,2,4,6,2.6,0.0,0.0
822,2018,2,4,7,3.6,0.0,0.0
823,2018,2,4,8,4.6,0.0,0.2
824,2018,2,4,9,4.7,0.0,0.3
825,2018,2,4,10,5.6,0.0,0.1
826,2018,2,4,11,7.8,0.0,0.4
827,2018,2,4,12,9.4,0.0,1.0
828,2018,2,4,13,9.2,0.0,1.0
829,2018,2,4,14,9.3,0.0,1.0
830,2018,2,4,15,8.4,0.0,0.6
831,2018,2,4,16,8.2,0.0,0.3
832,2018,2,4,17,6.1,0.0,0.1
833,2018,2,4,18,6.3,0.0,0.0
834,2018,2,4,19,5.5,0.0,0.0
835,2018,2,4,20,5.0,0.0,0.0
836,2018,2,4,21,3.9,0.0,0.0
837,2018,2,4,22,4.1,0.0,0.0
838,2018,2,4,23,3.9,0.0,0.0
839,2018,2,4,24,3.4,0.0,0.0
840,2018,2,5,1,3.3,0.0,0.0
841,2018,2,5,2,2.8,0.0,0.0
842,2018,2,5,3,2.9,0.0,0.0
843,2018,2,5,4,2.6,0.0,0.0
844,2018,2,5,5,1.9,0.0,0.0
845,2018,2,5,6,1.5,0.0,0.0
846,2018,2,5,7,1.1,0.0,0.0
847,2018,2,5,8,2.1,0.0,0.3
848,2018,2,5,9,3.0,0.0,0.1
849,2018,2,5,10,4.4,0.0,0.6
850,2018,2,5,11,6.1,0.0,1.0
851,2018,2,5,12,7.3,0.0,1.0
852,2018,2,5,13,7.7,0.0,1.0
853,2018,2,5,14,7.1,0.0,1.0
854,2018,2,5,15,7.4,0.0,1.0
855,2018,2,5,16,7.2,0.0,0.9
856,2018,2,5,17,7.1,0.0,0.1
857,2018,2,5,18,6.2,0.0,0.0
858,2018,2,5,19,4.9,0.0,0.0
859,2018,2,5,20,4.3,0.0,0.0
860,2018,2,5,21,3.6,0.0,0.0
861,2018,2,5,22,3.4,0.0,0.0
862,2018,2,5,23,2.3,0.0,0.0
863,2018,2,5,24,1.9,0.0,0.0
864,2018,2,6,1,0.8,0.0,0.0
865,2018,2,6,2,0.0,0.0,0.0
866,2018,2,6,3,-0.4,0.0,0.0
867,2018,2,6,4,-0.1,0.0,0.0
868,2018,2,6,5,0.6,0.0,0.0
869,2018,2,6,6,-1.2,0.0,0.0
870,2018,2,6,7,-1.1,0.0,0.0
871,2018,2,6,8,1.6,0.0,0.7
872,2018,2,6,9,3.5,0.0,1.0
873,2018,2,6,10,5.4,0.0,1.0
874,2018,2,6,11,5.9,0.0,1.0
875,2018,2,6,12,6.5,0.0,1.0
876,2018,2,6,13,7.0,0.0,1.0
877,2018,2,6,14,6.5,0.0,1.0
878,2018,2,6,15,6.7,0.0,1.0
879,2018,2,6,16,6.1,0.0,1.0
880,2018,2,6,17,5.2,0.0,0.2
881,2018,2,6,18,5.5,0.0,0.0
882,2018,2,6,19,5.4,0.0,0.0
883,2018,2,6,20,4.6,0.0,0.0
884,2018,2,6,21,3.1,0.0,0.0
885,2018,2,6,22,3.5,0.0,0.0
886,2018,2,6,23,2.3,0.0,0.0
887,2018,2,6,24,1.0,0.0,0.0
888,2018,2,7,1,1.2,0.0,0.0
889,2018,2,7,2,0.1,0.0,0.0
890,2018,2,7,3,-0.1,0.0,0.0
891,2018,2,7,4,-1.7,0.0,0.0
892,2018,2,7,5,-1.0,0.0,0.0
893,2018,2,7,6,-1.2,0.0,0.0
894,2018,2,7,7,-1.2,0.0,0.0
895,2018,2,7,8,1.2,0.0,0.7
896,2018,2,7,9,3.9,0.0,1.0
897,2018,2,7,10,5.1,0.0,1.0
898,2018,2,7,11,6.6,0.0,1.0
899,2018,2,7,12,7.6,0.0,1.0
900,2018,2,7,13,8.1,0.0,1.0
901,2018,2,7,14,8.3,0.0,1.0
902,2018,2,7,15,8.1,0.0,1.0
903,2018,2,7,16,7.3,0.0,1.0
904,2018,2,7,17,4.7,0.0,0.5
905,2018,2,7,18,3.9,0.0,0.0
906,2018,2,7,19,5.4,0.0,0.0
907,2018,2,7,20,4.8,0.0,0.0
908,2018,2,7,21,3.2,0.0,0.0
909,2018,2,7,22,3.1,0.0,0.0
910,2018,2,7,23,2.8,0.0,0.0
911,2018,2,7,24,1.8,0.0,0.0
912,2018,2,8,1,2.0,0.0,0.0
913,2018,2,8,2,1.0,0.0,0.0
914,2018,2,8,3,0.5,0.0,0.0
915,2018,2,8,4,0.1,0.0,0.0
916,2018,2,8,5,0.1,0.0,0.0
917,2018,2,8,6,0.3,0.0,0.0
918,2018,2,8,7,0.2,0.0,0.0
919,2018,2,8,8,2.0,0.0,0.8
920,2018,2,8,9,3.3,0.0,1.0
921,2018,2,8,10,5.2,0.0,1.0
922,2018,2,8,11,5.7,0.0,1.0
923,2018,2,8,12,7.2,0.0,1.0
924,2018,2,8,13,7.5,0.0,1.0
925,2018,2,8,14,8.0,0.0,1.0
926,2018,2,8,15,7.8,0.0,1.0
927,2018,2,8,16,6.3,0.0,0.5
928,2018,2,8,17,5.7,0.0,0.5
929,2018,2,8,18,4.6,0.0,0.0
930,2018,2,8,19,3.5,0.0,0.0
931,2018,2,8,20,4.2,0.0,0.0
932,2018,2,8,21,3.9,0.0,0.0
933,2018,2,8,22,3.2,0.0,0.0
934,2018,2,8,23,2.5,0.0,0.0
935,2018,2,8,24,1.7,0.0,0.0
936,2018,2,9,1,1.7,0.0,0.0
937,2018,2,9,2,1.1,0.0,0.0
938,2018,2,9,3,-0.3,0.0,0.0
939,2018,2,9,4,-0.8,0.0,0.0
940,2018,2,9,5,-0.1,0.0,0.0
941,2018,2,9,6,-0.5,0.0,0.0
942,2018,2,9,7,-0.8,0.0,0.0
943,2018,2,9,8,2.1,0.0,0.8
944,2018,2,9,9,4.0,0.0,1.0
945,2018,2,9,10,4.8,0.0,1.0
946,2018,2,9,11,6.3,0.0,1.0
947,2018,2,9,12,8.6,0.0,1.0
948,2018,2,9,13,8.6,0.0,1.0
949,2018,2,9,14,8.8,0.0,1.0
950,2018,2,9,15,9.0,0.0,1.0
951,2018,2,9,16,8.3,0.0,1.0
952,2018,2,9,17,7.5,0.0,0.7
953,2018,2,9,18,5.7,0.0,0.0
954,2018,2,9,19,5.2,0.0,0.0
955,2018,2,9,20,4.3,0.0,0.0
956,2018,2,9,21,4.6,0.0,0.0
957,2018,2,9,22,4.7,0.0,0.0
958,2018,2,9,23,4.5,0.0,0.0
959,2018,2,9,24,3.6,0.0,0.0
960,2018,2,10,1,2.6,0.0,0.0
961,2018,2,10,2,2.9,0.0,0.0
962,2018,2,10,3,2.5,0.0,0.0
963,2018,2,10,4,1.9,0.0,0.0
964,2018,2,10,5,0.5,0.0,0.0
965,2018,2,10,6,1.4,0.0,0.0
966,2018,2,10,7,2.1,0.0,0.0
967,2018,2,10,8,3.5,0.0,0.1
968,2018,2,10,9,4.8,0.0,0.5
969,2018,2,10,10,6.2,0.0,1.0
970,2018,2,10,11,6.7,0.0,0.5
971,2018,2,10,12,9.9,0.0,0.4
972,2018,2,10,13,10.0,0.0,0.9
973,2018,2,10,14,10.7,0.0,0.9
974,2018,2,10,15,11.0,0.0,1.0
975,2018,2,10,16,10.9,0.0,0.5
976,2018,2,10,17,11.7,0.0,0.0
977,2018,2,10,18,11.3,0.0,0.0
978,2018,2,10,19,11.0,0.0,0.0
979,2018,2,10,20,11.1,0.0,0.0
980,2018,2,10,21,10.1,0.0,0.0
981,2018,2,10,22,8.4,1.0,0.0
982,2018,2,10,23,8.2,0.5,0.0
983,2018,2,10,24,7.4,0.0,0.0
984,2018,2,11,1,7.3,0.0,0.0
985,2018,2,11,2,6.0,0.0,0.0
986,2018,2,11,3,6.6,0.0,0.0
987,2018,2,11,4,6.3,0.0,0.0
988,2018,2,11,5,5.7,0.0,0.0
989,2018,2,11,6,6.3,0.0,0.0
990,2018,2,11,7,6.7,0.0,0.0
991,2018,2,11,8,8.1,0.0,0.3
992,2018,2,11,9,10.0,0.0,0.6
993,2018,2,11,10,11.0,0.0,0.7
994,2018,2,11,11,11.6,0.0,0.1
995,2018,2,11,12,12.6,0.0,0.0
996,2018,2,11,13,13.4,0.0,0.2
997,2018,2,11,14,13.5,0.0,0.4
998,2018,2,11,15,12.7,0.0,0.5
999,2018,2,11,16,12.3,0.0,0.1
1000,2018,2,11,17,11.1,0.0,0.0
1001,2018,2,11,18,9.7,0.0,0.0
1002,2018,2,11,19,7.6,0.0,0.0
1003,2018,2,11,20,6.6,0.0,0.0
1004,2018,2,11,21,5.9,0.0,0.0
1005,2018,2,11,22,5.1,0.0,0.0
1006,2018,2,11,23,4.6,0.0,0.0
1007,2018,2,11,24,4.3,0.0,0.0
1008,2018,2,12,1,3.8,0.0,0.0
1009,2018,2,12,2,3.3,0.0,0.0
1010,2018,2,12,3,2.9,0.0,0.0
1011,2018,2,12,4,1.9,0.0,0.0
1012,2018,2,12,5,1.0,0.0,0.0
1013,2018,2,12,6,-0.3,0.0,0.0
1014,2018,2,12,7,1.4,0.0,0.0
1015,2018,2,12,8,3.1,0.0,0.8
1016,2018,2,12,9,4.9,0.0,1.0
1017,2018,2,12,10,5.9,0.0,1.0
1018,2018,2,12,11,7.5,0.0,1.0
1019,2018,2,12,12,9.0,0.0,1.0
1020,2018,2,12,13,8.3,0.0,1.0
1021,2018,2,12,14,8.0,0.0,0.9
1022,2018,2,12,15,7.7,0.0,1.0
1023,2018,2,12,16,7.3,0.0,0.7
1024,2018,2,12,17,6.2,0.0,0.8
1025,2018,2,12,18,5.9,0.0,0.1
1026,2018,2,12,19,5.5,0.0,0.0
1027,2018,2,12,20,4.3,0.0,0.0
1028,2018,2,12,21,3.6,0.0,0.0
1029,2018,2,12,22,2.5,0.0,0.0
1030,2018,2,12,23,1.3,0.0,0.0
1031,2018,2,12,24,0.8,0.0,0.0
1032,2018,2,13,1,0.7,0.0,0.0
1033,2018,2,13,2,0.0,0.0,0.0
1034,2018,2,13,3,-0.3,0.0,0.0
1035,2018,2,13,4,-0.5,0.0,0.0
1036,2018,2,13,5,-0.4,0.0,0.0
1037,2018,2,13,6,0.3,0.0,0.0
1038,2018,2,13,7,-0.6,0.0,0.0
1039,2018,2,13,8,2.3,0.0,0.8
1040,2018,2,13,9,5.1,0.0,1.0
1041,2018,2,13,10,6.9,0.0,1.0
1042,2018,2,13,11,7.6,0.0,1.0
1043,2018,2,13,12,7.9,0.0,1.0
1044,2018,2,13,13,8.7,0.0,0.5
1045,2018,2,13,14,7.5,0.0,0.0
1046,2018,2,13,15,8.2,0.0,0.8
1047,2018,2,13,16,6.1,0.0,0.2
1048,2018,2,13,17,6.7,0.0,0.5
1049,2018,2,13,18,6.4,0.0,0.1
1050,2018,2,13,19,5.1,0.0,0.0
1051,2018,2,13,20,4.2,0.0,0.0
1052,2018,2,13,21,4.0,0.0,0.0
1053,2018,2,13,22,2.9,0.0,0.0
1054,2018,2,13,23,2.7,0.0,0.0
1055,2018,2,13,24,2.1,0.0,0.0
1056,2018,2,14,1,1.6,0.0,0.0
1057,2018,2,14,2,1.1,0.0,0.0
1058,2018,2,14,3,0.5,0.0,0.0
1059,2018,2,14,4,0.0,0.0,0.0
1060,2018,2,14,5,0.7,0.0,0.0
1061,2018,2,14,6,0.6,0.0,0.0
1062,2018,2,14,7,1.1,0.0,0.0
1063,2018,2,14,8,3.5,0.0,0.8
1064,2018,2,14,9,6.2,0.0,1.0
1065,2018,2,14,10,8.0,0.0,1.0
1066,2018,2,14,11,8.5,0.0,1.0
1067,2018,2,14,12,9.1,0.0,1.0
1068,2018,2,14,13,9.0,0.0,1.0
1069,2018,2,14,14,9.7,0.0,1.0
1070,2018,2,14,15,10.2,0.0,1.0
1071,2018,2,14,16,10.6,0.0,1.0
1072,2018,2,14,17,9.2,0.0,0.9
1073,2018,2,14,18,8.5,0.0,0.0
1074,2018,2,14,19,8.1,0.0,0.0
1075,2018,2,14,20,7.9,0.0,0.0
1076,2018,2,14,21,8.0,0.0,0.0
1077,2018,2,14,22,7.5,0.0,0.0
1078,2018,2,14,23,7.3,0.0,0.0
1079,2018,2,14,24,6.9,0.0,0.0
1080,2018,2,15,1,6.7,0.0,0.0
1081,2018,2,15,2,6.5,0.0,0.0
1082,2018,2,15,3,6.9,0.0,0.0
1083,2018,2,15,4,7.9,0.0,0.0
1084,2018,2,15,5,8.5,0.0,0.0
1085,2018,2,15,6,7.8,0.0,0.0
1086,2018,2,15,7,6.6,0.0,0.0
1087,2018,2,15,8,9.0,0.0,0.6
1088,2018,2,15,9,10.3,0.0,1.0
1089,2018,2,15,10,11.2,0.0,0.7
1090,2018,2,15,11,13.2,0.0,1.0
1091,2018,2,15,12,13.5,0.0,1.0
1092,2018,2,15,13,14.5,0.0,1.0
1093,2018,2,15,14,14.1,0.0,1.0
1094,2018,2,15,15,14.0,0.0,1.0
1095,2018,2,15,16,12.6,0.0,0.9
1096,2018,2,15,17,11.3,0.0,0.0
1097,2018,2,15,18,10.7,0.0,0.0
1098,2018,2,15,19,8.7,0.0,0.0
1099,2018,2,15,20,7.8,0.0,0.0
1100,2018,2,15,21,8.0,0.0,0.0
1101,2018,2,15,22,6.7,0.0,0.0
1102,2018,2,15,23,6.6,0.0,0.0
1103,2018,2,15,24,6.4,0.0,0.0
1104,2018,2,16,1,6.0,0.0,0.0
1105,2018,2,16,2,4.9,0.0,0.0
1106,2018,2,16,3,4.3,0.0,0.0
1107,2018,2,16,4,4.2,0.0,0.0
1108,2018,2,16,5,4.0,0.0,0.0
1109,2018,2,16,6,4.1,0.0,0.0
1110,2018,2,16,7,4.0,0.0,0.0
1111,2018,2,16,8,4.5,0.0,0.2
1112,2018,2,16,9,5.9,0.0,0.7
1113,2018,2,16,10,6.3,0.0,0.9
1114,2018,2,16,11,7.6,0.0,1.0
1115,2018,2,16,12,8.7,0.0,1.0
1116,2018,2,16,13,8.1,0.0,0.6
1117,2018,2,16,14,9.0,0.0,0.1
1118,2018,2,16,15,8.9,0.0,0.5
1119,2018,2,16,16,8.1,0.0,0.6
1120,2018,2,16,17,7.5,0.0,0.5
1121,2018,2,16,18,7.1,0.0,0.0
1122,2018,2,16,19,7.0,0.0,0.0
1123,2018,2,16,20,6.8,0.0,0.0
1124,2018,2,16,21,6.2,0.0,0.0
1125,2018,2,16,22,6.5,0.0,0.0
1126,2018,2,16,23,6.3,0.0,0.0
1127,2018,2,16,24,5.8,0.0,0.0
1128,2018,2,17,1,5.8,0.0,0.0
1129,2018,2,17,2,5.6,0.0,0.0
1130,2018,2,17,3,5.3,0.0,0.0
1131,2018,2,17,4,5.3,0.0,0.0
1132,2018,2,17,5,5.1,0.0,0.0
1133,2018,2,17,6,5.0,0.0,0.0
1134,2018,2,17,7,3.5,0.0,0.0
1135,2018,2,17,8,5.6,0.0,0.8
1136,2018,2,17,9,6.7,0.0,1.0
1137,2018,2,17,10,8.1,0.0,0.7
1138,2018,2,17,11,10.5,0.0,1.0
1139,2018,2,17,12,10.6,0.0,0.9
1140,2018,2,17,13,10.4,0.0,0.6
1141,2018,2,17,14,9.9,0.0,0.0
1142,2018,2,17,15,8.5,0.0,0.2
1143,2018,2,17,16,8.2,0.0,1.0
1144,2018,2,17,17,6.6,0.0,1.0
1145,2018,2,17,18,5.2,0.0,0.1
1146,2018,2,17,19,4.3,0.0,0.0
1147,2018,2,17,20,3.3,0.0,0.0
1148,2018,2,17,21,2.5,0.0,0.0
1149,2018,2,17,22,1.6,0.0,0.0
1150,2018,2,17,23,1.0,0.0,0.0
1151,2018,2,17,24,0.7,0.0,0.0
1152,2018,2,18,1,0.3,0.0,0.0
1153,2018,2,18,2,0.3,0.0,0.0
1154,2018,2,18,3,0.0,0.0,0.0
1155,2018,2,18,4,-0.4,0.0,0.0
1156,2018,2,18,5,-1.3,0.0,0.0
1157,2018,2,18,6,-0.1,0.0,0.0
1158,2018,2,18,7,0.5,0.0,0.0
1159,2018,2,18,8,2.2,0.0,0.8
1160,2018,2,18,9,4.4,0.0,1.0
1161,2018,2,18,10,5.4,0.0,1.0
1162,2018,2,18,11,6.8,0.0,1.0
1163,2018,2,18,12,7.9,0.0,1.0
1164,2018,2,18,13,8.7,0.0,1.0
1165,2018,2,18,14,8.1,0.0,1.0
1166,2018,2,18,15,7.8,0.0,1.0
1167,2018,2,18,16,6.9,0.0,1.0
1168,2018,2,18,17,5.5,0.0,1.0
1169,2018,2,18,18,4.4,0.0,0.1
1170,2018,2,18,19,3.8,0.0,0.0
1171,2018,2,18,20,3.4,0.0,0.0
1172,2018,2,18,21,2.8,0.0,0.0
1173,2018,2,18,22,2.5,0.0,0.0
1174,2018,2,18,23,2.5,0.0,0.0
1175,2018,2,18,24,2.1,0.0,0.0
1176,2018,2,19,1,2.6,0.0,0.0
1177,2018,2,19,2,2.9,0.0,0.0
1178,2018,2,19,3,2.8,0.0,0.0
1179,2018,2,19,4,2.6,0.0,0.0
1180,2018,2,19,5,2.2,0.0,0.0
1181,2018,2,19,6,1.9,0.0,0.0
1182,2018,2,19,7,1.7,0.0,0.0
1183,2018,2,19,8,2.2,0.0,0.0
1184,2018,2,19,9,3.4,0.0,0.6
1185,2018,2,19,10,5.8,0.0,0.8
1186,2018,2,19,11,7.2,0.0,1.0
1187,2018,2,19,12,8.6,0.0,1.0
1188,2018,2,19,13,9.4,0.0,1.0
1189,2018,2,19,14,8.7,0.0,1.0
1190,2018,2,19,15,9.2,0.0,1.0
1191,2018,2,19,16,8.3,0.0,0.6
1192,2018,2,19,17,7.7,0.0,0.0
1193,2018,2,19,18,7.3,0.0,0.0
1194,2018,2,19,19,7.4,0.0,0.0
1195,2018,2,19,20,7.1,0.0,0.0
1196,2018,2,19,21,7.8,0.0,0.0
1197,2018,2,19,22,7.0,0.0,0.0
1198,2018,2,19,23,6.9,0.0,0.0
1199,2018,2,19,24,6.8,0.0,0.0
1200,2018,2,20,1,6.5,0.0,0.0
1201,2018,2,20,2,5.7,0.0,0.0
1202,2018,2,20,3,4.9,0.0,0.0
1203,2018,2,20,4,4.6,0.0,0.0
1204,2018,2,20,5,4.4,0.0,0.0
1205,2018,2,20,6,3.7,0.0,0.0
1206,2018,2,20,7,3.4,0.0,0.0
1207,2018,2,20,8,5.3,0.0,0.7
1208,2018,2,20,9,7.0,0.0,1.0
1209,2018,2,20,10,8.8,0.0,1.0
1210,2018,2,20,11,9.4,0.0,1.0
1211,2018,2,20,12,10.8,0.0,1.0
1212,2018,2,20,13,11.7,0.0,1.0
1213,2018,2,20,14,11.9,0.0,1.0
1214,2018,2,20,15,11.0,0.0,1.0
1215,2018,2,20,16,10.6,0.0,1.0
1216,2018,2,20,17,9.6,0.0,1.0
1217,2018,2,20,18,8.7,0.0,0.0
1218,2018,2,20,19,8.2,0.0,0.0
1219,2018,2,20,20,7.9,0.0,0.0
1220,2018,2,20,21,7.4,0.0,0.0
1221,2018,2,20,22,6.2,0.0,0.0
1222,2018,2,20,23,6.4,0.0,0.0
1223,2018,2,20,24,6.8,0.0,0.0
1224,2018,2,21,1,5.0,0.0,0.0
1225,2018,2,21,2,5.1,0.0,0.0
1226,2018,2,21,3,5.2,0.0,0.0
1227,2018,2,21,4,5.2,0.0,0.0
1228,2018,2,21,5,4.3,0.0,0.0
1229,2018,2,21,6,3.9,0.0,0.0
1230,2018,2,21,7,3.8,0.0,0.0
1231,2018,2,21,8,4.4,0.0,0.0
1232,2018,2,21,9,4.6,0.0,0.0
1233,2018,2,21,10,5.6,0.0,0.0
1234,2018,2,21,11,6.4,0.0,0.0
1235,2018,2,21,12,7.6,0.0,0.1
1236,2018,2,21,13,7.3,0.0,0.0
1237,2018,2,21,14,7.7,0.0,0.0
1238,2018,2,21,15,7.9,0.0,0.0
1239,2018,2,21,16,7.7,0.0,0.0
1240,2018,2,21,17,7.2,0.0,0.1
1241,2018,2,21,18,6.7,0.0,0.0
1242,2018,2,21,19,6.4,0.0,0.0
1243,2018,2,21,20,6.3,0.0,0.0
1244,2018,2,21,21,5.8,0.0,0.0
1245,2018,2,21,22,5.9,0.0,0.0
1246,2018,2,21,23,5.3,0.0,0.0
1247,2018,2,21,24,5.3,0.0,0.0
1248,2018,2,22,1,5.3,0.0,0.0
1249,2018,2,22,2,3.8,0.0,0.0
1250,2018,2,22,3,3.2,0.0,0.0
1251,2018,2,22,4,3.0,0.0,0.0
1252,2018,2,22,5,2.4,0.0,0.0
1253,2018,2,22,6,2.0,0.5,0.0
1254,2018,2,22,7,1.7,0.0,0.0
1255,2018,2,22,8,1.7,0.0,0.0
1256,2018,2,22,9,1.7,1.0,0.0
1257,2018,2,22,10,1.7,0.0,0.0
1258,2018,2,22,11,1.9,0.0,0.0
1259,2018,2,22,12,2.2,0.0,0.0
1260,2018,2,22,13,2.5,0.5,0.0
1261,2018,2,22,14,2.9,0.0,0.0
1262,2018,2,22,15,2.9,0.0,0.0
1263,2018,2,22,16,2.6,0.0,0.0
1264,2018,2,22,17,2.6,0.0,0.0
1265,2018,2,22,18,2.7,0.0,0.0
1266,2018,2,22,19,2.9,0.0,0.0
1267,2018,2,22,20,3.0,0.0,0.0
1268,2018,2,22,21,3.0,0.0,0.0
1269,2018,2,22,22,2.8,0.0,0.0
1270,2018,2,22,23,2.8,0.0,0.0
1271,2018,2,22,24,2.3,0.0,0.0
1272,2018,2,23,1,2.1,0.0,0.0
1273,2018,2,23,2,1.9,0.0,0.0
1274,2018,2,23,3,1.9,0.0,0.0
1275,2018,2,23,4,1.9,0.0,0.0
1276,2018,2,23,5,1.9,0.0,0.0
1277,2018,2,23,6,1.9,0.5,0.0
1278,2018,2,23,7,1.9,0.0,0.0
1279,2018,2,23,8,2.0,0.0,0.0
1280,2018,2,23,9,2.3,0.0,0.0
1281,2018,2,23,10,2.8,0.0,0.0
1282,2018,2,23,11,4.5,0.0,0.0
1283,2018,2,23,12,5.3,0.0,0.3
1284,2018,2,23,13,5.7,0.0,0.0
1285,2018,2,23,14,6.3,0.0,0.0
1286,2018,2,23,15,7.2,0.0,0.4
1287,2018,2,23,16,7.4,0.0,1.0
1288,2018,2,23,17,5.5,0.0,0.3
1289,2018,2,23,18,4.9,0.0,0.0
1290,2018,2,23,19,3.9,0.0,0.0
1291,2018,2,23,20,3.6,0.0,0.0
1292,2018,2,23,21,3.6,0.0,0.0
1293,2018,2,23,22,3.0,0.0,0.0
1294,2018,2,23,23,3.7,0.0,0.0
1295,2018,2,23,24,3.0,0.0,0.0
1296,2018,2,24,1,2.3,0.0,0.0
1297,2018,2,24,2,1.6,0.0,0.0
1298,2018,2,24,3,1.1,0.0,0.0
1299,2018,2,24,4,1.2,0.0,0.0
1300,2018,2,24,5,1.4,0.0,0.0
1301,2018,2,24,6,1.0,0.0,0.0
1302,2018,2,24,7,2.0,0.0,0.1
1303,2018,2,24,8,4.8,0.0,0.6
1304,2018,2,24,9,5.9,0.0,0.7
1305,2018,2,24,10,8.5,0.0,0.8
1306,2018,2,24,11,9.8,0.0,1.0
1307,2018,2,24,12,12.3,0.0,1.0
1308,2018,2,24,13,13.3,0.0,1.0
1309,2018,2,24,14,14.0,0.0,1.0
1310,2018,2,24,15,14.3,0.0,1.0
1311,2018,2,24,16,13.5,0.0,1.0
1312,2018,2,24,17,11.5,0.0,0.9
1313,2018,2,24,18,8.9,0.0,0.0
1314,2018,2,24,19,10.9,0.0,0.0
1315,2018,2,24,20,9.3,0.0,0.0
1316,2018,2,24,21,8.1,0.0,0.0
1317,2018,2,24,22,7.5,0.0,0.0
1318,2018,2,24,23,6.8,0.0,0.0
1319,2018,2,24,24,6.5,0.0,0.0
1320,2018,2,25,1,5.7,0.0,0.0
1321,2018,2,25,2,4.8,0.0,0.0
1322,2018,2,25,3,4.4,0.0,0.0
1323,2018,2,25,4,3.1,0.0,0.0
1324,2018,2,25,5,4.4,0.0,0.0
1325,2018,2,25,6,4.1,0.0,0.0
1326,2018,2,25,7,4.4,0.0,0.0
1327,2018,2,25,8,5.3,0.0,0.0
1328,2018,2,25,9,6.0,0.0,0.0
1329,2018,2,25,10,6.0,0.0,0.0
1330,2018,2,25,11,7.2,0.0,0.0
1331,2018,2,25,12,7.1,0.0,0.0
1332,2018,2,25,13,7.4,0.0,0.0
1333,2018,2,25,14,7.5,0.0,0.0
1334,2018,2,25,15,6.6,0.0,0.0
1335,2018,2,25,16,6.7,0.0,0.0
1336,2018,2,25,17,6.1,0.0,0.0
1337,2018,2,25,18,5.6,0.0,0.0
1338,2018,2,25,19,5.5,0.0,0.0
1339,2018,2,25,20,5.3,0.0,0.0
1340,2018,2,25,21,5.2,0.0,0.0
1341,2018,2,25,22,5.4,0.0,0.0
1342,2018,2,25,23,5.3,0.0,0.0
1343,2018,2,25,24,4.7,0.0,0.0
1344,2018,2,26,1,4.6,0.0,0.0
1345,2018,2,26,2,4.6,0.0,0.0
1346,2018,2,26,3,4.7,0.0,0.0
1347,2018,2,26,4,4.7,0.0,0.0
1348,2018,2,26,5,4.7,0.0,0.0
1349,2018,2,26,6,4.4,0.0,0.0
1350,2018,2,26,7,4.3,0.0,0.0
1351,2018,2,26,8,4.5,0.0,0.0
1352,2018,2,26,9,5.4,0.0,0.0
1353,2018,2,26,10,6.6,0.0,0.1
1354,2018,2,26,11,7.7,0.0,0.6
1355,2018,2,26,12,7.6,0.0,0.6
1356,2018,2,26,13,9.2,0.0,0.6
1357,2018,2,26,14,9.8,0.0,1.0
1358,2018,2,26,15,9.6,0.0,1.0
1359,2018,2,26,16,8.4,0.0,1.0
1360,2018,2,26,17,7.3,0.0,0.9
1361,2018,2,26,18,6.4,0.0,0.0
1362,2018,2,26,19,5.6,0.0,0.0
1363,2018,2,26,20,5.4,0.0,0.0
1364,2018,2,26,21,4.4,0.0,0.0
1365,2018,2,26,22,4.8,0.0,0.0
1366,2018,2,26,23,4.9,0.0,0.0
1367,2018,2,26,24,5.1,0.0,0.0
1368,2018,2,27,1,5.1,0.0,0.0
1369,2018,2,27,2,4.7,0.0,0.0
1370,2018,2,27,3,4.4,0.0,0.0
1371,2018,2,27,4,4.5,0.0,0.0
1372,2018,2,27,5,4.1,0.0,0.0
1373,2018,2,27,6,4.3,0.0,0.0
1374,2018,2,27,7,4.8,0.0,0.0
1375,2018,2,27,8,5.2,0.0,0.0
1376,2018,2,27,9,6.5,0.0,0.7
1377,2018,2,27,10,7.7,0.0,1.0
1378,2018,2,27,11,8.9,0.0,1.0
1379,2018,2,27,12,10.5,0.0,1.0
1380,2018,2,27,13,10.8,0.0,1.0
1381,2018,2,27,14,12.3,0.0,1.0
1382,2018,2,27,15,11.1,0.0,0.7
1383,2018,2,27,16,11.7,0.0,0.1
1384,2018,2,27,17,11.3,0.0,0.6
1385,2018,2,27,18,9.6,0.0,0.1
1386,2018,2,27,19,8.9,0.0,0.0
1387,2018,2,27,20,8.6,0.0,0.0
1388,2018,2,27,21,8.6,0.0,0.0
1389,2018,2,27,22,8.4,0.0,0.0
1390,2018,2,27,23,7.6,0.0,0.0
1391,2018,2,27,24,6.2,0.0,0.0
1392,2018,2,28,1,5.6,0.0,0.0
1393,2018,2,28,2,4.1,0.0,0.0
1394,2018,2,28,3,3.8,0.0,0.0
1395,2018,2,28,4,3.7,0.0,0.0
1396,2018,2,28,5,4.1,0.0,0.0
1397,2018,2,28,6,4.0,0.0,0.0
1398,2018,2,28,7,6.3,0.0,0.1
1399,2018,2,28,8,7.4,0.0,0.2
1400,2018,2,28,9,9.6,0.0,1.0
1401,2018,2,28,10,11.1,0.0,1.0
1402,2018,2,28,11,12.4,0.0,1.0
1403,2018,2,28,12,13.3,0.0,1.0
1404,2018,2,28,13,14.3,0.0,0.4
1405,2018,2,28,14,13.3,0.0,0.3
1406,2018,2,28,15,13.6,0.0,0.5
1407,2018,2,28,16,12.4,0.0,0.2
1408,2018,2,28,17,11.7,0.0,0.0
1409,2018,2,28,18,11.0,0.0,0.0
1410,2018,2,28,19,10.5,0.0,0.0
1411,2018,2,28,20,9.9,0.0,0.0
1412,2018,2,28,21,9.9,0.0,0.0
1413,2018,2,28,22,9.9,0.0,0.0
1414,2018,2,28,23,7.8,1.0,0.0
1415,2018,2,28,24,7.9,0.0,0.0
